-- phpMyAdmin SQL Dump
-- version 4.5.1
-- http://www.phpmyadmin.net
--
-- Host: 127.0.0.1
-- Generation Time: Nov 10, 2016 at 11:50 AM
-- Server version: 10.1.13-MariaDB
-- PHP Version: 5.6.23

SET SQL_MODE = "NO_AUTO_VALUE_ON_ZERO";
SET time_zone = "+00:00";


/*!40101 SET @OLD_CHARACTER_SET_CLIENT=@@CHARACTER_SET_CLIENT */;
/*!40101 SET @OLD_CHARACTER_SET_RESULTS=@@CHARACTER_SET_RESULTS */;
/*!40101 SET @OLD_COLLATION_CONNECTION=@@COLLATION_CONNECTION */;
/*!40101 SET NAMES utf8mb4 */;

--
-- Database: `workflow`
--

-- --------------------------------------------------------

--
-- Table structure for table `categoria`
--

CREATE TABLE `categoria` (
  `id_categoria` int(11) NOT NULL,
  `descripcion` varchar(30) NOT NULL
) ENGINE=InnoDB DEFAULT CHARSET=latin1;

--
-- Dumping data for table `categoria`
--

INSERT INTO `categoria` (`id_categoria`, `descripcion`) VALUES
(0, 'Documentos Administrativos'),
(1, 'Solicitudes');

-- --------------------------------------------------------

--
-- Table structure for table `estado`
--

CREATE TABLE `estado` (
  `id_estado` int(11) NOT NULL,
  `nombre` varchar(30) NOT NULL,
  `descripcion` varchar(80) NOT NULL,
  `id_workflow` int(11) NOT NULL,
  `inicial` int(11) NOT NULL,
  `final` int(11) NOT NULL,
  `id_tipo` int(11) NOT NULL
) ENGINE=InnoDB DEFAULT CHARSET=latin1;

--
-- Dumping data for table `estado`
--

INSERT INTO `estado` (`id_estado`, `nombre`, `descripcion`, `id_workflow`, `inicial`, `final`, `id_tipo`) VALUES
(0, 'Recepcion', 'Documento recibido por la empr', 0, 1, 0, 1),
(1, 'Gerencia', 'Documento pasado a la gerencia', 0, 0, 0, 2),
(2, 'Abogado', 'Documento asignado a abogado', 0, 0, 0, 3),
(3, 'Tribunales', 'Documento enviado a tribunales', 0, 0, 0, 3),
(4, 'Entregado', 'Resuesta entregada al cliente', 0, 0, 1, 1),
(5, 'Gerencia', 'Gerencia', 1, 1, 0, 2),
(6, 'Abogado', 'Abogado', 1, 0, 0, 3),
(7, 'Tribunales', 'Tribunales', 1, 0, 0, 3),
(8, 'Recepcion', 'Recepcion', 1, 0, 0, 1),
(9, 'Entregado', 'Entregado', 1, 0, 1, 0),
(10, 'Recepcion de documentos', 'Estado Recepcion de documentos', 2, 1, 0, 4),
(11, 'Revision de documentos', 'Estado Revision de documentos', 2, 0, 0, 5),
(12, 'Aprobacion', 'stado Aprobacion', 2, 0, 0, 6),
(13, 'Finalizado', 'Estado Finalizado', 2, 0, 1, 0),
(14, 'hgjh', 'jkghkjhj', 2, 0, 0, 0);

-- --------------------------------------------------------

--
-- Table structure for table `instancia`
--

CREATE TABLE `instancia` (
  `id_instancia` int(11) NOT NULL,
  `id_workflow` int(11) NOT NULL,
  `id_usuario` varchar(30) NOT NULL,
  `titulo` varchar(100) NOT NULL,
  `descripcion` varchar(500) NOT NULL,
  `satisfactoria` int(11) NOT NULL,
  `fecha_inicio` datetime NOT NULL,
  `fecha_final` datetime DEFAULT NULL
) ENGINE=InnoDB DEFAULT CHARSET=latin1;

--
-- Dumping data for table `instancia`
--

INSERT INTO `instancia` (`id_instancia`, `id_workflow`, `id_usuario`, `titulo`, `descripcion`, `satisfactoria`, `fecha_inicio`, `fecha_final`) VALUES
(1, 2, 'recepcionista1', 'instancia2016-09-02 06:48:10', 'descripcion2016-09-02 06:48:10', 1, '2016-09-02 06:48:10', '2016-09-06 16:27:28'),
(2, 2, 'recepcionista1', 'instancia2016-09-03 05:27:29', 'descripcion2016-09-03 05:27:29', 0, '2016-09-03 05:27:29', '2016-09-14 23:56:52'),
(3, 0, 'recepcion', 'instancia2016-09-02 08:48:43', 'descripcion2016-09-02 08:48:43', 1, '2016-09-02 08:48:43', '2016-09-08 01:26:29'),
(4, 2, 'recepcionista2', 'instancia2016-09-03 16:54:56', 'descripcion2016-09-03 16:54:56', 1, '2016-09-03 16:54:56', '2016-09-24 17:21:51'),
(5, 1, 'gerencia', 'instancia2016-09-02 19:39:24', 'descripcion2016-09-02 19:39:24', 0, '2016-09-02 19:39:24', '2016-09-15 16:21:12'),
(6, 0, 'recepcion', 'instancia2016-09-03 15:53:26', 'descripcion2016-09-03 15:53:26', 1, '2016-09-03 15:53:26', '2016-09-06 16:47:56'),
(7, 2, 'recepcionista1', 'instancia2016-09-05 00:12:50', 'descripcion2016-09-05 00:12:50', 0, '2016-09-05 00:12:50', '2016-09-12 14:52:20'),
(8, 0, 'recepcion2', 'instancia2016-09-02 14:51:29', 'descripcion2016-09-02 14:51:29', 0, '2016-09-02 14:51:29', '2016-09-14 09:42:05'),
(9, 1, 'gerencia2', 'instancia2016-09-03 21:48:33', 'descripcion2016-09-03 21:48:33', 0, '2016-09-03 21:48:33', '2016-09-29 01:00:34'),
(10, 2, 'recepcionista1', 'instancia2016-09-02 10:00:59', 'descripcion2016-09-02 10:00:59', 1, '2016-09-02 10:00:59', '2016-09-10 07:47:36'),
(11, 1, 'gerencia', 'instancia2016-09-02 16:04:54', 'descripcion2016-09-02 16:04:54', 0, '2016-09-02 16:04:54', '2016-09-14 23:31:58'),
(12, 2, 'recepcionista2', 'instancia2016-09-02 18:47:48', 'descripcion2016-09-02 18:47:48', 1, '2016-09-02 18:47:48', '2016-09-05 12:10:34'),
(13, 0, 'recepcion2', 'instancia2016-09-05 02:46:10', 'descripcion2016-09-05 02:46:10', 0, '2016-09-05 02:46:10', '2016-09-08 11:57:01'),
(14, 1, 'gerencia2', 'instancia2016-09-04 14:05:57', 'descripcion2016-09-04 14:05:57', 1, '2016-09-04 14:05:57', '2016-09-24 18:38:04'),
(15, 2, 'recepcionista1', 'instancia2016-09-04 10:21:22', 'descripcion2016-09-04 10:21:22', 0, '2016-09-04 10:21:22', '2016-09-24 02:27:04'),
(16, 1, 'gerencia2', 'instancia2016-09-05 09:30:45', 'descripcion2016-09-05 09:30:45', 0, '2016-09-05 09:30:45', '2016-09-14 19:52:44'),
(17, 1, 'gerencia', 'instancia2016-09-02 22:24:03', 'descripcion2016-09-02 22:24:03', 1, '2016-09-02 22:24:03', '2016-09-17 15:35:41'),
(18, 0, 'recepcion2', 'instancia2016-09-02 08:09:31', 'descripcion2016-09-02 08:09:31', 0, '2016-09-02 08:09:31', '2016-09-08 13:33:51'),
(19, 1, 'gerencia2', 'instancia2016-09-05 02:23:40', 'descripcion2016-09-05 02:23:40', 1, '2016-09-05 02:23:40', '2016-09-21 15:26:44'),
(20, 1, 'gerencia2', 'instancia2016-09-01 15:44:48', 'descripcion2016-09-01 15:44:48', 0, '2016-09-01 15:44:48', '2016-09-20 21:17:35'),
(21, 2, 'recepcionista1', 'instancia2016-09-04 03:59:49', 'descripcion2016-09-04 03:59:49', 0, '2016-09-04 03:59:49', '2016-09-29 23:50:09'),
(22, 0, 'recepcion2', 'instancia2016-09-01 07:34:08', 'descripcion2016-09-01 07:34:08', 1, '2016-09-01 07:34:08', '2016-09-10 18:50:54'),
(23, 2, 'recepcionista2', 'instancia2016-09-01 11:08:23', 'descripcion2016-09-01 11:08:23', 0, '2016-09-01 11:08:23', '2016-09-16 21:01:36'),
(24, 2, 'recepcionista1', 'instancia2016-09-03 06:21:41', 'descripcion2016-09-03 06:21:41', 0, '2016-09-03 06:21:41', '2016-09-16 20:11:10'),
(25, 1, 'gerencia2', 'instancia2016-09-01 07:19:04', 'descripcion2016-09-01 07:19:04', 0, '2016-09-01 07:19:04', '2016-09-16 02:36:41'),
(26, 1, 'gerencia', 'instancia2016-09-04 03:47:26', 'descripcion2016-09-04 03:47:26', 1, '2016-09-04 03:47:26', '2016-09-09 03:21:22'),
(27, 2, 'recepcionista1', 'instancia2016-09-05 15:34:32', 'descripcion2016-09-05 15:34:32', 0, '2016-09-05 15:34:32', '2016-09-10 08:22:33'),
(28, 1, 'gerencia', 'instancia2016-09-03 09:25:41', 'descripcion2016-09-03 09:25:41', 0, '2016-09-03 09:25:41', '2016-09-15 09:15:19'),
(29, 0, 'recepcion', 'instancia2016-09-01 10:40:21', 'descripcion2016-09-01 10:40:21', 1, '2016-09-01 10:40:21', '2016-09-27 00:56:03'),
(30, 1, 'gerencia', 'instancia2016-09-03 23:09:19', 'descripcion2016-09-03 23:09:19', 1, '2016-09-03 23:09:19', '2016-09-08 03:11:03'),
(31, 1, 'gerencia', 'instancia2016-09-01 03:41:15', 'descripcion2016-09-01 03:41:15', 1, '2016-09-01 03:41:15', '2016-09-28 10:05:21'),
(32, 2, 'recepcionista2', 'instancia2016-09-04 13:18:47', 'descripcion2016-09-04 13:18:47', 1, '2016-09-04 13:18:47', '2016-09-10 14:12:03'),
(33, 2, 'recepcionista1', 'instancia2016-09-04 14:08:31', 'descripcion2016-09-04 14:08:31', 0, '2016-09-04 14:08:31', '2016-09-14 09:12:54'),
(34, 0, 'recepcion2', 'instancia2016-09-02 17:07:22', 'descripcion2016-09-02 17:07:22', 1, '2016-09-02 17:07:22', '2016-09-19 10:34:37'),
(35, 2, 'recepcionista2', 'instancia2016-09-01 08:34:30', 'descripcion2016-09-01 08:34:30', 0, '2016-09-01 08:34:30', '2016-09-05 19:29:14'),
(36, 2, 'recepcionista2', 'instancia2016-09-02 19:26:32', 'descripcion2016-09-02 19:26:32', 1, '2016-09-02 19:26:32', '2016-09-29 15:10:58'),
(37, 0, 'recepcion2', 'instancia2016-09-04 03:34:45', 'descripcion2016-09-04 03:34:45', 1, '2016-09-04 03:34:45', '2016-09-06 12:04:31'),
(38, 1, 'gerencia2', 'instancia2016-09-01 07:28:08', 'descripcion2016-09-01 07:28:08', 0, '2016-09-01 07:28:08', '2016-09-13 00:11:11'),
(39, 2, 'recepcionista1', 'instancia2016-09-05 15:33:12', 'descripcion2016-09-05 15:33:12', 1, '2016-09-05 15:33:12', '2016-09-17 04:41:54'),
(40, 2, 'recepcionista1', 'instancia2016-09-04 23:12:47', 'descripcion2016-09-04 23:12:47', 0, '2016-09-04 23:12:47', '2016-09-18 12:04:02'),
(41, 1, 'gerencia', 'instancia2016-09-03 16:03:27', 'descripcion2016-09-03 16:03:27', 0, '2016-09-03 16:03:27', '2016-09-12 23:03:45'),
(42, 2, 'recepcionista1', 'instancia2016-09-03 23:14:59', 'descripcion2016-09-03 23:14:59', 0, '2016-09-03 23:14:59', '2016-09-18 19:43:39'),
(43, 1, 'gerencia2', 'instancia2016-09-03 13:30:11', 'descripcion2016-09-03 13:30:11', 0, '2016-09-03 13:30:11', '2016-09-29 22:47:02'),
(44, 0, 'recepcion2', 'instancia2016-09-05 14:26:58', 'descripcion2016-09-05 14:26:58', 1, '2016-09-05 14:26:58', '2016-09-17 22:04:39'),
(45, 1, 'gerencia', 'instancia2016-09-06 01:21:04', 'descripcion2016-09-06 01:21:04', 0, '2016-09-06 01:21:04', '2016-09-25 11:25:43'),
(46, 1, 'gerencia2', 'instancia2016-09-03 16:40:56', 'descripcion2016-09-03 16:40:56', 1, '2016-09-03 16:40:56', '2016-09-17 05:18:27'),
(47, 2, 'recepcionista1', 'instancia2016-09-01 21:11:11', 'descripcion2016-09-01 21:11:11', 0, '2016-09-01 21:11:11', '2016-09-12 17:38:10'),
(48, 2, 'recepcionista2', 'instancia2016-09-01 04:28:36', 'descripcion2016-09-01 04:28:36', 1, '2016-09-01 04:28:36', '2016-09-11 22:54:33'),
(49, 1, 'gerencia', 'instancia2016-09-02 03:38:41', 'descripcion2016-09-02 03:38:41', 0, '2016-09-02 03:38:41', '2016-09-26 02:38:00'),
(50, 0, 'recepcion', 'instancia2016-09-05 23:17:17', 'descripcion2016-09-05 23:17:17', 1, '2016-09-05 23:17:17', '2016-09-24 05:20:09'),
(51, 0, 'recepcion', 'instancia2016-08-04 11:16:25', 'descripcion2016-08-04 11:16:25', 0, '2016-08-04 11:16:25', '2016-08-29 22:38:06'),
(52, 2, 'recepcionista2', 'instancia2016-08-05 16:36:50', 'descripcion2016-08-05 16:36:50', 1, '2016-08-05 16:36:50', '2016-08-28 01:31:14'),
(53, 2, 'recepcionista1', 'instancia2016-08-05 10:09:18', 'descripcion2016-08-05 10:09:18', 0, '2016-08-05 10:09:18', '2016-08-11 13:47:58'),
(54, 2, 'recepcionista2', 'instancia2016-08-05 11:13:57', 'descripcion2016-08-05 11:13:57', 0, '2016-08-05 11:13:57', '2016-08-13 21:26:28'),
(55, 1, 'gerencia', 'instancia2016-08-03 08:54:13', 'descripcion2016-08-03 08:54:13', 0, '2016-08-03 08:54:13', '2016-08-22 18:44:15'),
(56, 2, 'recepcionista2', 'instancia2016-08-02 18:23:30', 'descripcion2016-08-02 18:23:30', 0, '2016-08-02 18:23:30', '2016-08-21 23:49:53'),
(57, 2, 'recepcionista1', 'instancia2016-08-02 22:14:22', 'descripcion2016-08-02 22:14:22', 1, '2016-08-02 22:14:22', '2016-08-09 13:15:34'),
(58, 2, 'recepcionista2', 'instancia2016-08-05 09:56:00', 'descripcion2016-08-05 09:56:00', 1, '2016-08-05 09:56:00', '2016-08-08 14:10:42'),
(59, 2, 'recepcionista2', 'instancia2016-08-02 03:19:34', 'descripcion2016-08-02 03:19:34', 1, '2016-08-02 03:19:34', '2016-08-18 04:09:32'),
(60, 2, 'recepcionista2', 'instancia2016-08-02 00:51:56', 'descripcion2016-08-02 00:51:56', 1, '2016-08-02 00:51:56', '2016-08-06 09:40:19'),
(61, 1, 'gerencia2', 'instancia2016-08-01 11:00:18', 'descripcion2016-08-01 11:00:18', 0, '2016-08-01 11:00:18', '2016-08-15 17:35:39'),
(62, 1, 'gerencia', 'instancia2016-08-02 04:37:35', 'descripcion2016-08-02 04:37:35', 0, '2016-08-02 04:37:35', '2016-08-14 11:43:52'),
(63, 2, 'recepcionista1', 'instancia2016-08-03 12:20:43', 'descripcion2016-08-03 12:20:43', 0, '2016-08-03 12:20:43', '2016-08-19 19:48:27'),
(64, 1, 'gerencia', 'instancia2016-08-01 03:21:06', 'descripcion2016-08-01 03:21:06', 1, '2016-08-01 03:21:06', '2016-08-11 15:52:42'),
(65, 2, 'recepcionista2', 'instancia2016-08-05 11:59:00', 'descripcion2016-08-05 11:59:00', 0, '2016-08-05 11:59:00', '2016-08-07 06:33:43'),
(66, 1, 'gerencia', 'instancia2016-08-03 11:53:20', 'descripcion2016-08-03 11:53:20', 1, '2016-08-03 11:53:20', '2016-08-16 15:40:50'),
(67, 1, 'gerencia', 'instancia2016-08-04 06:51:47', 'descripcion2016-08-04 06:51:47', 1, '2016-08-04 06:51:47', '2016-08-13 21:47:19'),
(68, 0, 'recepcion', 'instancia2016-08-05 19:07:24', 'descripcion2016-08-05 19:07:24', 1, '2016-08-05 19:07:24', '2016-08-29 21:03:29'),
(69, 0, 'recepcion2', 'instancia2016-08-02 11:32:17', 'descripcion2016-08-02 11:32:17', 0, '2016-08-02 11:32:17', '2016-08-04 06:50:11'),
(70, 0, 'recepcion2', 'instancia2016-08-02 22:50:09', 'descripcion2016-08-02 22:50:09', 0, '2016-08-02 22:50:09', '2016-08-17 22:22:36'),
(71, 1, 'gerencia', 'instancia2016-08-04 23:13:26', 'descripcion2016-08-04 23:13:26', 1, '2016-08-04 23:13:26', '2016-08-22 20:22:23'),
(72, 0, 'recepcion', 'instancia2016-08-05 18:41:27', 'descripcion2016-08-05 18:41:27', 1, '2016-08-05 18:41:27', '2016-08-07 22:54:21'),
(73, 0, 'recepcion', 'instancia2016-08-03 06:11:12', 'descripcion2016-08-03 06:11:12', 0, '2016-08-03 06:11:12', '2016-08-26 12:40:17'),
(74, 1, 'gerencia', 'instancia2016-08-04 17:52:01', 'descripcion2016-08-04 17:52:01', 1, '2016-08-04 17:52:01', '2016-08-20 15:34:30'),
(75, 2, 'recepcionista2', 'instancia2016-08-02 17:28:50', 'descripcion2016-08-02 17:28:50', 1, '2016-08-02 17:28:50', '2016-08-14 23:59:44'),
(76, 0, 'recepcion', 'instancia2016-08-01 08:52:48', 'descripcion2016-08-01 08:52:48', 0, '2016-08-01 08:52:48', '2016-08-09 00:24:14'),
(77, 1, 'gerencia2', 'instancia2016-08-01 11:39:34', 'descripcion2016-08-01 11:39:34', 1, '2016-08-01 11:39:34', '2016-08-18 07:03:00'),
(78, 1, 'gerencia', 'instancia2016-08-01 10:47:22', 'descripcion2016-08-01 10:47:22', 1, '2016-08-01 10:47:22', '2016-08-26 19:25:24'),
(79, 2, 'recepcionista2', 'instancia2016-08-02 12:42:21', 'descripcion2016-08-02 12:42:21', 0, '2016-08-02 12:42:21', '2016-08-03 01:07:47'),
(80, 2, 'recepcionista1', 'instancia2016-08-03 00:15:30', 'descripcion2016-08-03 00:15:30', 0, '2016-08-03 00:15:30', '2016-08-16 16:01:24'),
(81, 1, 'gerencia2', 'instancia2016-08-01 21:06:13', 'descripcion2016-08-01 21:06:13', 1, '2016-08-01 21:06:13', '2016-08-12 18:39:00'),
(82, 1, 'gerencia', 'instancia2016-08-03 19:13:33', 'descripcion2016-08-03 19:13:33', 1, '2016-08-03 19:13:33', '2016-08-17 22:53:23'),
(83, 2, 'recepcionista1', 'instancia2016-08-04 14:31:45', 'descripcion2016-08-04 14:31:45', 1, '2016-08-04 14:31:45', '2016-08-06 01:04:21'),
(84, 0, 'recepcion', 'instancia2016-08-02 21:55:59', 'descripcion2016-08-02 21:55:59', 0, '2016-08-02 21:55:59', '2016-08-08 21:40:40'),
(85, 2, 'recepcionista2', 'instancia2016-08-01 22:34:56', 'descripcion2016-08-01 22:34:56', 0, '2016-08-01 22:34:56', '2016-08-07 02:04:10'),
(86, 1, 'gerencia2', 'instancia2016-08-04 05:45:58', 'descripcion2016-08-04 05:45:58', 1, '2016-08-04 05:45:58', '2016-08-22 13:54:55'),
(87, 1, 'gerencia', 'instancia2016-08-03 06:16:40', 'descripcion2016-08-03 06:16:40', 1, '2016-08-03 06:16:40', '2016-08-15 07:41:26'),
(88, 1, 'gerencia2', 'instancia2016-08-05 21:01:57', 'descripcion2016-08-05 21:01:57', 1, '2016-08-05 21:01:57', '2016-08-18 15:13:42'),
(89, 0, 'recepcion', 'instancia2016-08-04 11:06:44', 'descripcion2016-08-04 11:06:44', 0, '2016-08-04 11:06:44', '2016-08-10 14:50:01'),
(90, 1, 'gerencia2', 'instancia2016-08-01 18:21:59', 'descripcion2016-08-01 18:21:59', 1, '2016-08-01 18:21:59', '2016-08-22 10:42:22'),
(91, 2, 'recepcionista1', 'instancia2016-08-02 19:44:26', 'descripcion2016-08-02 19:44:26', 1, '2016-08-02 19:44:26', '2016-08-05 08:38:36'),
(92, 0, 'recepcion2', 'instancia2016-08-02 23:48:59', 'descripcion2016-08-02 23:48:59', 1, '2016-08-02 23:48:59', '2016-08-18 06:07:15'),
(93, 2, 'recepcionista2', 'instancia2016-08-03 14:54:14', 'descripcion2016-08-03 14:54:14', 0, '2016-08-03 14:54:14', '2016-08-13 22:50:38'),
(94, 1, 'gerencia', 'instancia2016-08-01 23:15:51', 'descripcion2016-08-01 23:15:51', 0, '2016-08-01 23:15:51', '2016-08-04 19:32:16'),
(95, 0, 'recepcion2', 'instancia2016-08-04 23:22:39', 'descripcion2016-08-04 23:22:39', 0, '2016-08-04 23:22:39', '2016-08-08 01:52:32'),
(96, 0, 'recepcion2', 'instancia2016-08-05 12:03:26', 'descripcion2016-08-05 12:03:26', 1, '2016-08-05 12:03:26', '2016-08-11 14:49:02'),
(97, 1, 'gerencia2', 'instancia2016-08-03 01:24:38', 'descripcion2016-08-03 01:24:38', 0, '2016-08-03 01:24:38', '2016-08-26 03:10:50'),
(98, 2, 'recepcionista1', 'instancia2016-08-03 15:35:47', 'descripcion2016-08-03 15:35:47', 0, '2016-08-03 15:35:47', '2016-08-26 03:35:32'),
(99, 1, 'gerencia', 'instancia2016-08-03 05:15:20', 'descripcion2016-08-03 05:15:20', 1, '2016-08-03 05:15:20', '2016-08-13 10:50:12'),
(100, 0, 'recepcion2', 'instancia2016-08-05 22:54:37', 'descripcion2016-08-05 22:54:37', 1, '2016-08-05 22:54:37', '2016-08-11 12:41:10'),
(101, 1, 'gerencia', 'instancia2016-08-04 07:14:38', 'descripcion2016-08-04 07:14:38', 1, '2016-08-04 07:14:38', '2016-08-16 14:34:35'),
(102, 2, 'recepcionista1', 'instancia2016-08-01 02:15:11', 'descripcion2016-08-01 02:15:11', 1, '2016-08-01 02:15:11', '2016-08-06 22:29:44'),
(103, 0, 'recepcion2', 'instancia2016-08-01 05:06:18', 'descripcion2016-08-01 05:06:18', 0, '2016-08-01 05:06:18', '2016-08-02 08:51:03'),
(104, 1, 'gerencia2', 'instancia2016-08-04 18:06:31', 'descripcion2016-08-04 18:06:31', 1, '2016-08-04 18:06:31', '2016-08-20 14:19:14'),
(105, 0, 'recepcion2', 'instancia2016-08-03 16:21:22', 'descripcion2016-08-03 16:21:22', 0, '2016-08-03 16:21:22', '2016-08-23 09:53:01'),
(106, 1, 'gerencia', 'instancia2016-08-04 22:24:15', 'descripcion2016-08-04 22:24:15', 0, '2016-08-04 22:24:15', '2016-08-22 19:37:09'),
(107, 2, 'recepcionista2', 'instancia2016-08-04 21:44:53', 'descripcion2016-08-04 21:44:53', 0, '2016-08-04 21:44:53', '2016-08-19 22:02:03'),
(108, 0, 'recepcion', 'instancia2016-08-02 20:56:59', 'descripcion2016-08-02 20:56:59', 0, '2016-08-02 20:56:59', '2016-08-07 06:24:18'),
(109, 1, 'gerencia', 'instancia2016-08-04 20:40:20', 'descripcion2016-08-04 20:40:20', 0, '2016-08-04 20:40:20', '2016-08-17 00:46:47'),
(110, 1, 'gerencia2', 'instancia2016-08-02 08:01:37', 'descripcion2016-08-02 08:01:37', 0, '2016-08-02 08:01:37', '2016-08-15 01:34:18'),
(111, 0, 'recepcion2', 'instancia2016-08-03 21:03:05', 'descripcion2016-08-03 21:03:05', 0, '2016-08-03 21:03:05', '2016-08-11 10:31:34'),
(112, 1, 'gerencia', 'instancia2016-08-01 04:21:59', 'descripcion2016-08-01 04:21:59', 1, '2016-08-01 04:21:59', '2016-08-21 19:01:19'),
(113, 0, 'recepcion2', 'instancia2016-08-04 14:07:24', 'descripcion2016-08-04 14:07:24', 1, '2016-08-04 14:07:24', '2016-08-28 11:50:35'),
(114, 1, 'gerencia2', 'instancia2016-08-05 20:05:31', 'descripcion2016-08-05 20:05:31', 1, '2016-08-05 20:05:31', '2016-08-16 14:43:42'),
(115, 2, 'recepcionista1', 'instancia2016-08-02 14:06:06', 'descripcion2016-08-02 14:06:06', 1, '2016-08-02 14:06:06', '2016-08-18 17:34:25'),
(116, 1, 'gerencia', 'instancia2016-08-02 10:33:50', 'descripcion2016-08-02 10:33:50', 0, '2016-08-02 10:33:50', '2016-08-18 23:01:30'),
(117, 1, 'gerencia', 'instancia2016-08-02 01:25:03', 'descripcion2016-08-02 01:25:03', 1, '2016-08-02 01:25:03', '2016-08-24 11:43:49'),
(118, 2, 'recepcionista1', 'instancia2016-08-02 17:31:34', 'descripcion2016-08-02 17:31:34', 1, '2016-08-02 17:31:34', '2016-08-23 05:09:16'),
(119, 1, 'gerencia2', 'instancia2016-08-04 06:15:37', 'descripcion2016-08-04 06:15:37', 0, '2016-08-04 06:15:37', '2016-08-17 15:35:58'),
(120, 0, 'recepcion2', 'instancia2016-08-01 06:49:10', 'descripcion2016-08-01 06:49:10', 1, '2016-08-01 06:49:10', '2016-08-06 02:45:31'),
(121, 0, 'recepcion2', 'instancia2016-08-05 02:12:42', 'descripcion2016-08-05 02:12:42', 1, '2016-08-05 02:12:42', '2016-08-09 16:03:24'),
(122, 2, 'recepcionista1', 'instancia2016-08-05 03:16:39', 'descripcion2016-08-05 03:16:39', 0, '2016-08-05 03:16:39', '2016-08-16 23:52:19'),
(123, 2, 'recepcionista1', 'instancia2016-08-03 06:12:38', 'descripcion2016-08-03 06:12:38', 0, '2016-08-03 06:12:38', '2016-08-28 12:23:18'),
(124, 0, 'recepcion2', 'instancia2016-08-04 15:27:05', 'descripcion2016-08-04 15:27:05', 0, '2016-08-04 15:27:05', '2016-08-10 03:15:57'),
(125, 2, 'recepcionista2', 'instancia2016-08-02 06:35:47', 'descripcion2016-08-02 06:35:47', 0, '2016-08-02 06:35:47', '2016-08-26 08:30:46'),
(126, 0, 'recepcion2', 'instancia2016-08-02 04:35:01', 'descripcion2016-08-02 04:35:01', 1, '2016-08-02 04:35:01', '2016-08-20 10:43:05'),
(127, 2, 'recepcionista2', 'instancia2016-08-01 09:55:46', 'descripcion2016-08-01 09:55:46', 1, '2016-08-01 09:55:46', '2016-08-17 10:26:35'),
(128, 1, 'gerencia', 'instancia2016-08-05 13:59:52', 'descripcion2016-08-05 13:59:52', 1, '2016-08-05 13:59:52', '2016-08-09 05:14:52'),
(129, 2, 'recepcionista2', 'instancia2016-08-03 03:52:18', 'descripcion2016-08-03 03:52:18', 0, '2016-08-03 03:52:18', '2016-08-05 05:20:03'),
(130, 1, 'gerencia2', 'instancia2016-08-02 17:52:11', 'descripcion2016-08-02 17:52:11', 0, '2016-08-02 17:52:11', '2016-08-15 21:43:38'),
(131, 1, 'gerencia2', 'instancia2016-08-03 19:49:31', 'descripcion2016-08-03 19:49:31', 0, '2016-08-03 19:49:31', '2016-08-29 23:42:25'),
(132, 2, 'recepcionista1', 'instancia2016-08-03 12:31:12', 'descripcion2016-08-03 12:31:12', 0, '2016-08-03 12:31:12', '2016-08-10 07:23:04'),
(133, 0, 'recepcion2', 'instancia2016-08-01 04:17:08', 'descripcion2016-08-01 04:17:08', 1, '2016-08-01 04:17:08', '2016-08-19 18:49:13'),
(134, 2, 'recepcionista1', 'instancia2016-08-03 09:44:17', 'descripcion2016-08-03 09:44:17', 1, '2016-08-03 09:44:17', '2016-08-06 15:29:20'),
(135, 1, 'gerencia', 'instancia2016-08-01 09:50:12', 'descripcion2016-08-01 09:50:12', 1, '2016-08-01 09:50:12', '2016-08-14 04:35:47'),
(136, 2, 'recepcionista1', 'instancia2016-08-06 01:43:33', 'descripcion2016-08-06 01:43:33', 1, '2016-08-06 01:43:33', '2016-08-15 02:06:29'),
(137, 0, 'recepcion2', 'instancia2016-08-05 01:08:24', 'descripcion2016-08-05 01:08:24', 0, '2016-08-05 01:08:24', '2016-08-29 23:42:41'),
(138, 2, 'recepcionista2', 'instancia2016-08-02 22:38:43', 'descripcion2016-08-02 22:38:43', 1, '2016-08-02 22:38:43', '2016-08-06 21:17:16'),
(139, 2, 'recepcionista2', 'instancia2016-08-04 17:37:20', 'descripcion2016-08-04 17:37:20', 1, '2016-08-04 17:37:20', '2016-08-08 08:56:43'),
(140, 0, 'recepcion2', 'instancia2016-08-02 14:59:37', 'descripcion2016-08-02 14:59:37', 0, '2016-08-02 14:59:37', '2016-08-29 23:59:43'),
(141, 2, 'recepcionista2', 'instancia2016-08-02 04:17:10', 'descripcion2016-08-02 04:17:10', 1, '2016-08-02 04:17:10', '2016-08-03 16:01:34'),
(142, 0, 'recepcion', 'instancia2016-08-03 23:52:19', 'descripcion2016-08-03 23:52:19', 0, '2016-08-03 23:52:19', '2016-08-07 10:48:15'),
(143, 2, 'recepcionista1', 'instancia2016-08-05 21:42:16', 'descripcion2016-08-05 21:42:16', 1, '2016-08-05 21:42:16', '2016-08-19 08:51:07'),
(144, 2, 'recepcionista1', 'instancia2016-08-01 03:54:56', 'descripcion2016-08-01 03:54:56', 1, '2016-08-01 03:54:56', '2016-08-04 18:35:28'),
(145, 1, 'gerencia', 'instancia2016-08-01 06:39:57', 'descripcion2016-08-01 06:39:57', 1, '2016-08-01 06:39:57', '2016-08-05 04:13:49'),
(146, 0, 'recepcion2', 'instancia2016-08-02 06:08:12', 'descripcion2016-08-02 06:08:12', 0, '2016-08-02 06:08:12', '2016-08-09 06:13:20'),
(147, 2, 'recepcionista2', 'instancia2016-08-05 10:33:36', 'descripcion2016-08-05 10:33:36', 0, '2016-08-05 10:33:36', '2016-08-18 13:16:16'),
(148, 1, 'gerencia2', 'instancia2016-08-01 15:17:17', 'descripcion2016-08-01 15:17:17', 0, '2016-08-01 15:17:17', '2016-08-18 06:06:14'),
(149, 1, 'gerencia2', 'instancia2016-08-05 22:27:18', 'descripcion2016-08-05 22:27:18', 1, '2016-08-05 22:27:18', '2016-08-17 03:46:03'),
(150, 1, 'gerencia', 'instancia2016-08-04 00:13:47', 'descripcion2016-08-04 00:13:47', 1, '2016-08-04 00:13:47', '2016-08-16 11:48:26'),
(151, 0, 'recepcion', 'prueba jeff', 'prueba jeff', 1, '2016-07-14 21:18:34', NULL),
(152, 0, 'recepcion', 'prueba jeff2', 'prueba jeff2', 1, '2016-07-14 21:22:11', '2016-07-14 14:46:45'),
(153, 0, 'recepcion', 'prueba jeff3', 'fasfdsfsd3', 0, '2016-09-14 21:25:44', '2016-10-19 00:00:00'),
(154, 0, 'recepcion', 'prueba 1', 'asdf', 0, '2016-07-17 15:14:43', '2016-10-19 00:00:00'),
(155, 0, 'recepcion', 'prueba2', 'asdf', 0, '2016-07-19 15:18:52', '2016-10-19 00:00:00'),
(156, 0, 'recepcion', 'nicole1', 'adf', 1, '2016-06-17 09:52:18', '2016-10-19 00:00:00'),
(157, 0, 'recepcion', 'nicole2', '', 1, '2016-06-18 17:54:27', '2016-10-19 00:00:00'),
(158, 0, 'recepcion', 'nicole3', '', 0, '2016-06-17 17:56:18', '2016-10-19 00:00:00'),
(159, 0, 'recepcion', 'asdf', 'asdf', 0, '2016-10-10 21:28:57', NULL),
(160, 0, 'recepcion', 'holaaa', 'prueba de sistema', 0, '2016-11-07 21:08:47', NULL);

-- --------------------------------------------------------

--
-- Table structure for table `instancia_usuario`
--

CREATE TABLE `instancia_usuario` (
  `id_instancia_usuario` int(11) NOT NULL,
  `id_instancia` int(11) NOT NULL,
  `id_estado` int(11) NOT NULL,
  `id_usuario` varchar(30) NOT NULL,
  `realizado` int(11) NOT NULL
) ENGINE=InnoDB DEFAULT CHARSET=latin1;

--
-- Dumping data for table `instancia_usuario`
--

INSERT INTO `instancia_usuario` (`id_instancia_usuario`, `id_instancia`, `id_estado`, `id_usuario`, `realizado`) VALUES
(0, 2, 10, 'analista2', 1),
(1, 2, 11, 'gerente2', 0),
(2, 4, 10, 'analista2', 1),
(3, 4, 11, '0', 0),
(4, 5, 5, 'abogado2', 1),
(5, 5, 6, 'abogado2', 1),
(6, 5, 7, '0', 1),
(7, 5, 6, 'recepcion', 0),
(8, 8, 0, 'gerencia2', 1),
(9, 8, 1, 'abogado', 1),
(10, 8, 3, 'recepcion2', 1),
(11, 9, 5, 'abogado', 1),
(12, 9, 6, 'abogado', 1),
(13, 9, 7, 'abogado2', 1),
(14, 9, 6, 'abogado2', 1),
(15, 9, 7, '0', 1),
(16, 9, 6, '0', 0),
(17, 10, 10, 'analista2', 1),
(18, 10, 11, 'recepcionista1', 0),
(19, 11, 5, 'abogado', 1),
(20, 11, 6, '0', 0),
(21, 14, 5, 'abogado2', 1),
(22, 14, 6, 'abogado', 1),
(23, 14, 7, 'abogado2', 1),
(24, 14, 6, 'recepcion', 0),
(25, 15, 10, 'analista2', 1),
(26, 15, 11, 'gerente1', 0),
(27, 16, 5, 'abogado', 1),
(28, 16, 6, 'recepcion', 0),
(29, 17, 5, 'abogado', 1),
(30, 17, 6, 'recepcion2', 0),
(31, 19, 5, 'abogado2', 1),
(32, 19, 6, 'abogado2', 1),
(33, 19, 7, 'abogado2', 1),
(34, 19, 6, 'recepcion2', 0),
(35, 20, 5, 'abogado2', 1),
(36, 20, 6, '0', 0),
(37, 21, 10, '0', 1),
(38, 21, 11, 'recepcionista2', 1),
(39, 21, 10, 'analista1', 1),
(40, 21, 11, 'recepcionista1', 1),
(41, 21, 10, '0', 1),
(42, 21, 11, '0', 1),
(43, 21, 10, 'analista1', 1),
(44, 21, 11, 'recepcionista1', 1),
(45, 21, 10, '0', 1),
(46, 21, 11, 'recepcionista1', 1),
(47, 21, 10, 'analista2', 1),
(48, 21, 11, '0', 0),
(49, 22, 0, 'gerencia', 1),
(50, 22, 1, '0', 1),
(51, 22, 3, 'recepcion', 1),
(52, 23, 10, 'analista2', 1),
(53, 23, 11, 'gerente1', 0),
(54, 24, 10, '0', 1),
(55, 24, 11, '0', 1),
(56, 24, 10, '0', 1),
(57, 24, 11, 'recepcionista1', 0),
(58, 25, 5, 'abogado2', 1),
(59, 25, 6, '0', 0),
(60, 26, 5, 'abogado2', 1),
(61, 26, 6, '0', 0),
(62, 28, 5, 'abogado2', 1),
(63, 28, 6, 'recepcion', 0),
(64, 29, 0, 'gerencia2', 1),
(65, 29, 1, '0', 1),
(66, 29, 2, 'abogado2', 1),
(67, 29, 3, '0', 1),
(68, 29, 0, '0', 1),
(69, 29, 1, '0', 1),
(70, 30, 5, '0', 1),
(71, 30, 6, '0', 0),
(72, 31, 5, 'abogado', 1),
(73, 31, 6, '0', 1),
(74, 31, 7, 'abogado2', 1),
(75, 31, 6, 'abogado', 1),
(76, 31, 7, 'abogado', 1),
(77, 31, 6, 'abogado2', 1),
(78, 31, 7, 'abogado2', 1),
(79, 31, 6, '0', 0),
(80, 33, 10, 'analista2', 1),
(81, 33, 11, 'gerente1', 0),
(82, 34, 0, 'gerencia', 1),
(83, 34, 1, 'recepcion2', 1),
(84, 36, 10, 'analista2', 1),
(85, 36, 11, 'recepcionista1', 1),
(86, 36, 10, 'analista2', 1),
(87, 36, 11, 'recepcionista1', 1),
(88, 36, 10, 'analista1', 1),
(89, 36, 11, '0', 0),
(90, 38, 5, '0', 1),
(91, 38, 6, 'recepcion2', 0),
(92, 39, 10, '0', 1),
(93, 39, 11, 'gerente2', 0),
(94, 40, 10, 'analista1', 1),
(95, 40, 11, 'gerente2', 0),
(96, 41, 5, 'abogado2', 1),
(97, 41, 6, '0', 0),
(98, 42, 10, 'analista1', 1),
(99, 42, 11, 'recepcionista1', 0),
(100, 43, 5, 'abogado', 1),
(101, 43, 6, 'abogado2', 1),
(102, 43, 7, 'abogado', 1),
(103, 43, 6, '0', 1),
(104, 43, 7, 'abogado', 1),
(105, 43, 6, 'abogado', 1),
(106, 43, 7, '0', 1),
(107, 43, 6, 'recepcion2', 0),
(108, 44, 0, 'gerencia2', 1),
(109, 44, 1, 'abogado2', 1),
(110, 44, 2, '0', 1),
(111, 45, 5, 'abogado2', 1),
(112, 45, 6, '0', 0),
(113, 46, 5, 'abogado2', 1),
(114, 46, 6, '0', 0),
(115, 47, 10, 'analista2', 1),
(116, 47, 11, 'gerente1', 0),
(117, 48, 10, '0', 1),
(118, 48, 11, 'gerente1', 0),
(119, 49, 5, '0', 1),
(120, 49, 6, 'abogado', 1),
(121, 49, 7, '0', 1),
(122, 49, 6, 'recepcion2', 0),
(123, 50, 0, 'gerencia', 1),
(124, 50, 1, '0', 1),
(125, 50, 3, 'recepcion2', 1),
(126, 51, 0, 'gerencia2', 1),
(127, 51, 1, 'recepcion2', 1),
(128, 51, 0, 'gerencia', 1),
(129, 51, 1, 'abogado2', 1),
(130, 51, 2, '0', 1),
(131, 51, 3, 'recepcion2', 1),
(132, 51, 0, 'gerencia2', 1),
(133, 51, 1, 'abogado', 1),
(134, 51, 3, '0', 1),
(135, 52, 10, 'analista2', 1),
(136, 52, 11, 'recepcionista1', 1),
(137, 52, 10, 'analista2', 1),
(138, 52, 11, '0', 0),
(139, 53, 10, 'analista2', 1),
(140, 53, 11, '0', 0),
(141, 54, 10, 'analista2', 1),
(142, 54, 11, 'gerente2', 0),
(143, 55, 5, '0', 1),
(144, 55, 6, 'recepcion', 0),
(145, 56, 10, 'analista2', 1),
(146, 56, 11, 'gerente2', 0),
(147, 59, 10, 'analista2', 1),
(148, 59, 11, '0', 0),
(149, 61, 5, 'abogado2', 1),
(150, 61, 6, '0', 0),
(151, 62, 5, 'abogado', 1),
(152, 62, 6, 'recepcion2', 0),
(153, 63, 10, '0', 1),
(154, 63, 11, 'gerente2', 0),
(155, 64, 5, 'abogado', 1),
(156, 64, 6, '0', 1),
(157, 64, 7, 'abogado2', 1),
(158, 64, 6, 'recepcion', 0),
(159, 66, 5, '0', 1),
(160, 66, 6, 'abogado', 1),
(161, 66, 7, '0', 1),
(162, 66, 6, '0', 0),
(163, 67, 5, '0', 1),
(164, 67, 6, '0', 0),
(165, 68, 0, 'gerencia', 1),
(166, 68, 1, 'abogado2', 1),
(167, 68, 2, 'abogado', 1),
(168, 68, 3, 'recepcion', 1),
(169, 68, 0, '0', 1),
(170, 68, 1, 'abogado2', 1),
(171, 68, 3, '0', 0),
(172, 70, 0, 'gerencia', 1),
(173, 70, 1, '0', 1),
(174, 70, 3, 'recepcion', 0),
(175, 71, 5, 'abogado', 1),
(176, 71, 6, 'recepcion2', 0),
(177, 73, 0, '0', 1),
(178, 73, 1, '0', 1),
(179, 73, 2, 'abogado2', 1),
(180, 73, 3, '0', 0),
(181, 74, 5, 'abogado', 1),
(182, 74, 6, 'recepcion', 0),
(183, 75, 10, 'analista2', 1),
(184, 75, 11, '0', 0),
(185, 77, 5, '0', 1),
(186, 77, 6, 'recepcion', 0),
(187, 78, 5, '0', 1),
(188, 78, 6, 'abogado', 1),
(189, 78, 7, 'abogado', 1),
(190, 78, 6, '0', 1),
(191, 78, 7, 'abogado2', 1),
(192, 78, 6, 'recepcion2', 0),
(193, 80, 10, 'analista2', 1),
(194, 80, 11, '0', 0),
(195, 81, 5, 'abogado2', 1),
(196, 81, 6, '0', 1),
(197, 81, 7, 'abogado', 1),
(198, 81, 6, 'recepcion', 0),
(199, 82, 5, '0', 1),
(200, 82, 6, '0', 0),
(201, 86, 5, 'abogado', 1),
(202, 86, 6, 'abogado', 1),
(203, 86, 7, '0', 1),
(204, 86, 6, 'recepcion', 0),
(205, 87, 5, 'abogado', 1),
(206, 87, 6, '0', 0),
(207, 88, 5, '0', 1),
(208, 88, 6, 'abogado', 1),
(209, 88, 7, 'abogado', 1),
(210, 88, 6, 'recepcion', 0),
(211, 90, 5, 'abogado2', 1),
(212, 90, 6, 'abogado2', 1),
(213, 90, 7, '0', 1),
(214, 90, 6, '0', 0),
(215, 92, 0, 'gerencia', 1),
(216, 92, 1, 'recepcion2', 1),
(217, 93, 10, 'analista1', 1),
(218, 93, 11, 'gerente2', 0),
(219, 94, 5, 'abogado2', 1),
(220, 94, 6, 'recepcion', 0),
(221, 97, 5, 'abogado', 1),
(222, 97, 6, 'abogado2', 1),
(223, 97, 7, 'abogado2', 1),
(224, 97, 6, '0', 0),
(225, 98, 10, 'analista1', 1),
(226, 98, 11, 'recepcionista1', 1),
(227, 98, 10, 'analista1', 1),
(228, 98, 11, 'recepcionista2', 1),
(229, 98, 10, 'analista2', 1),
(230, 98, 11, '0', 1),
(231, 98, 10, '0', 1),
(232, 98, 11, '0', 0),
(233, 99, 5, 'abogado', 1),
(234, 99, 6, 'recepcion2', 0),
(235, 101, 5, 'abogado2', 1),
(236, 101, 6, 'recepcion2', 0),
(237, 102, 10, '0', 1),
(238, 102, 11, '0', 0),
(239, 104, 5, 'abogado2', 1),
(240, 104, 6, 'abogado', 1),
(241, 104, 7, '0', 1),
(242, 104, 6, 'recepcion2', 0),
(243, 105, 0, 'gerencia', 1),
(244, 105, 1, '0', 1),
(245, 105, 3, 'recepcion2', 0),
(246, 106, 5, 'abogado2', 1),
(247, 106, 6, 'recepcion', 0),
(248, 107, 10, '0', 1),
(249, 107, 11, '0', 1),
(250, 107, 10, 'analista2', 1),
(251, 107, 11, '0', 0),
(252, 109, 5, '0', 1),
(253, 109, 6, '0', 0),
(254, 110, 5, 'abogado2', 1),
(255, 110, 6, 'recepcion2', 0),
(256, 112, 5, '0', 1),
(257, 112, 6, '0', 0),
(258, 113, 0, 'gerencia2', 1),
(259, 113, 1, 'abogado2', 1),
(260, 113, 3, 'recepcion', 1),
(261, 113, 0, 'gerencia2', 1),
(262, 113, 1, '0', 1),
(263, 113, 2, 'recepcion2', 1),
(264, 114, 5, '0', 1),
(265, 114, 6, '0', 0),
(266, 115, 10, '0', 1),
(267, 115, 11, 'recepcionista1', 0),
(268, 116, 5, 'abogado', 1),
(269, 116, 6, 'abogado2', 1),
(270, 116, 7, '0', 1),
(271, 116, 6, 'recepcion2', 0),
(272, 117, 5, '0', 1),
(273, 117, 6, '0', 1),
(274, 117, 7, '0', 1),
(275, 117, 6, '0', 0),
(276, 118, 10, 'analista2', 1),
(277, 118, 11, 'recepcionista1', 1),
(278, 118, 10, '0', 1),
(279, 118, 11, 'gerente2', 0),
(280, 119, 5, 'abogado2', 1),
(281, 119, 6, 'recepcion', 0),
(282, 122, 10, 'analista1', 1),
(283, 122, 11, '0', 0),
(284, 123, 10, '0', 1),
(285, 123, 11, 'recepcionista1', 1),
(286, 123, 10, '0', 1),
(287, 123, 11, 'recepcionista1', 1),
(288, 123, 10, 'analista1', 1),
(289, 123, 11, 'recepcionista2', 0),
(290, 125, 10, '0', 1),
(291, 125, 11, '0', 1),
(292, 125, 10, '0', 1),
(293, 125, 11, '0', 0),
(294, 126, 0, '0', 1),
(295, 126, 1, 'abogado', 1),
(296, 126, 2, 'abogado', 1),
(297, 126, 3, '0', 0),
(298, 127, 10, 'analista1', 1),
(299, 127, 11, '0', 0),
(300, 128, 5, '0', 1),
(301, 128, 6, 'recepcion', 0),
(302, 130, 5, '0', 1),
(303, 130, 6, '0', 0),
(304, 131, 5, 'abogado', 1),
(305, 131, 6, 'abogado', 1),
(306, 131, 7, 'abogado2', 1),
(307, 131, 6, 'abogado2', 1),
(308, 131, 7, 'abogado', 1),
(309, 131, 6, 'abogado2', 1),
(310, 131, 7, '0', 1),
(311, 131, 6, '0', 0),
(312, 133, 0, '0', 1),
(313, 133, 1, 'abogado2', 1),
(314, 133, 2, 'abogado2', 1),
(315, 133, 3, 'recepcion', 0),
(316, 135, 5, '0', 1),
(317, 135, 6, 'recepcion', 0),
(318, 136, 10, 'analista2', 1),
(319, 136, 11, 'recepcionista2', 0),
(320, 137, 0, '0', 1),
(321, 137, 1, '0', 1),
(322, 137, 3, '0', 1),
(323, 137, 0, 'gerencia2', 1),
(324, 137, 1, 'abogado', 1),
(325, 137, 2, 'recepcion', 1),
(326, 137, 0, '0', 1),
(327, 137, 1, '0', 1),
(328, 137, 3, '0', 0),
(329, 140, 0, 'gerencia2', 1),
(330, 140, 1, 'abogado2', 1),
(331, 140, 2, 'abogado2', 1),
(332, 140, 3, 'recepcion2', 1),
(333, 140, 0, '0', 1),
(334, 140, 1, 'abogado2', 1),
(335, 140, 3, '0', 1),
(336, 140, 0, 'gerencia2', 1),
(337, 140, 1, 'abogado2', 1),
(338, 140, 3, 'recepcion2', 1),
(339, 140, 0, 'gerencia', 1),
(340, 140, 1, '0', 1),
(341, 140, 3, '0', 0),
(342, 143, 10, '0', 1),
(343, 143, 11, 'recepcionista1', 1),
(344, 143, 10, 'analista1', 1),
(345, 143, 11, 'gerente2', 0),
(346, 144, 10, 'analista1', 1),
(347, 144, 11, '0', 0),
(348, 145, 5, 'abogado', 1),
(349, 145, 6, 'recepcion2', 0),
(350, 147, 10, 'analista1', 1),
(351, 147, 11, 'recepcionista2', 0),
(352, 148, 5, 'abogado', 1),
(353, 148, 6, 'abogado2', 1),
(354, 148, 7, '0', 1),
(355, 148, 6, 'recepcion', 0),
(356, 149, 5, 'abogado2', 1),
(357, 149, 6, 'recepcion2', 0),
(358, 150, 5, '0', 1),
(359, 150, 6, 'recepcion2', 0),
(360, 151, 1, '0', 1),
(361, 151, 2, '0', 1),
(362, 152, 1, '0', 1),
(363, 151, 3, '0', 0),
(364, 153, 1, '0', 1),
(365, 151, 0, '0', 1),
(366, 152, 0, '0', 1),
(367, 154, 1, '0', 1),
(368, 154, 2, '0', 1),
(369, 155, 1, '0', 1),
(370, 155, 2, '0', 1),
(371, 156, 1, '0', 1),
(372, 157, 1, '0', 1),
(373, 158, 1, '0', 1),
(374, 156, 2, '0', 1),
(375, 157, 2, '0', 0),
(376, 158, 2, '0', 0),
(377, 156, 3, '0', 0),
(378, 156, 0, '0', 1),
(379, 158, 3, '0', 0),
(380, 158, 3, '0', 0),
(381, 156, 1, '0', 1),
(382, 156, 2, '0', 0),
(383, 156, 3, '0', 0),
(384, 156, 0, '0', 1),
(385, 157, 1, '0', 0),
(386, 157, 2, '0', 0),
(387, 157, 2, '0', 0),
(388, 157, 3, '0', 0),
(389, 157, 0, '0', 1),
(390, 156, 1, '0', 0),
(391, 156, 2, '0', 0),
(392, 159, 1, '0', 0);

-- --------------------------------------------------------

--
-- Table structure for table `proceso`
--

CREATE TABLE `proceso` (
  `id_proceso` int(11) NOT NULL,
  `id_usuario` varchar(30) NOT NULL,
  `id_instancia` int(11) NOT NULL,
  `id_transicion` int(11) NOT NULL,
  `descripcion` varchar(500) NOT NULL,
  `problema_estado` int(11) NOT NULL,
  `fecha` datetime NOT NULL
) ENGINE=InnoDB DEFAULT CHARSET=latin1;

--
-- Dumping data for table `proceso`
--

INSERT INTO `proceso` (`id_proceso`, `id_usuario`, `id_instancia`, `id_transicion`, `descripcion`, `problema_estado`, `fecha`) VALUES
(0, 'recepcionista2', 1, 21, 'prueba', 0, '2016-09-06 16:27:28'),
(1, 'recepcionista2', 2, 16, 'prueba', 1, '2016-09-08 04:22:27'),
(2, 'analista2', 2, 17, 'prueba', 1, '2016-09-09 00:28:29'),
(3, 'gerente1', 2, 18, 'prueba', 0, '2016-09-14 23:56:52'),
(4, 'recepcion2', 3, 4, 'prueba', 1, '2016-09-08 01:26:29'),
(5, 'recepcionista1', 4, 16, 'prueba', 0, '2016-09-11 10:33:48'),
(6, 'analista1', 4, 17, 'prueba', 0, '2016-09-16 21:35:53'),
(7, 'gerente2', 4, 18, 'prueba', 0, '2016-09-24 17:21:51'),
(8, 'gerencia2', 5, 9, 'prueba', 1, '2016-09-04 15:01:43'),
(9, 'abogado2', 5, 10, 'prueba', 1, '2016-09-08 06:25:02'),
(10, 'abogado', 5, 15, 'prueba', 1, '2016-09-12 10:10:21'),
(11, 'abogado', 5, 14, 'prueba', 1, '2016-09-15 10:02:00'),
(12, 'recepcion2', 5, 13, 'prueba', 1, '2016-09-15 16:21:12'),
(13, 'recepcion2', 6, 7, 'prueba', 0, '2016-09-06 16:47:56'),
(14, 'recepcionista2', 7, 21, 'prueba', 1, '2016-09-12 14:52:20'),
(15, 'recepcion2', 8, 0, 'prueba', 0, '2016-09-02 19:55:39'),
(16, 'gerencia2', 8, 8, 'prueba', 1, '2016-09-08 06:36:49'),
(17, 'abogado', 8, 3, 'prueba', 0, '2016-09-09 07:35:36'),
(18, 'recepcion', 8, 7, 'prueba', 1, '2016-09-14 09:42:05'),
(19, 'gerencia2', 9, 9, 'prueba', 1, '2016-09-11 11:25:17'),
(20, 'abogado2', 9, 10, 'prueba', 0, '2016-09-18 20:44:31'),
(21, 'abogado', 9, 11, 'prueba', 0, '2016-09-21 07:58:27'),
(22, 'abogado', 9, 10, 'prueba', 0, '2016-09-26 19:04:15'),
(23, 'abogado2', 9, 11, 'prueba', 0, '2016-09-27 11:21:46'),
(24, 'abogado', 9, 14, 'prueba', 0, '2016-09-27 11:22:59'),
(25, 'recepcion', 9, 13, 'prueba', 0, '2016-09-29 01:00:34'),
(26, 'recepcionista2', 10, 16, 'prueba', 0, '2016-09-06 13:09:40'),
(27, 'analista2', 10, 20, 'prueba', 0, '2016-09-09 02:13:52'),
(28, 'recepcionista2', 10, 21, 'prueba', 1, '2016-09-10 07:47:36'),
(29, 'gerencia2', 11, 9, 'prueba', 1, '2016-09-08 16:09:15'),
(30, 'abogado', 11, 14, 'prueba', 0, '2016-09-09 07:50:48'),
(31, 'recepcion2', 11, 13, 'prueba', 1, '2016-09-14 23:31:58'),
(32, 'recepcionista1', 12, 21, 'prueba', 1, '2016-09-05 12:10:34'),
(33, 'recepcion2', 13, 4, 'prueba', 0, '2016-09-08 11:57:01'),
(34, 'gerencia2', 14, 9, 'prueba', 1, '2016-09-04 23:31:22'),
(35, 'abogado', 14, 10, 'prueba', 1, '2016-09-11 12:58:32'),
(36, 'abogado2', 14, 15, 'prueba', 1, '2016-09-14 20:29:05'),
(37, 'abogado', 14, 14, 'prueba', 0, '2016-09-22 15:25:29'),
(38, 'recepcion', 14, 13, 'prueba', 0, '2016-09-24 18:38:04'),
(39, 'recepcionista1', 15, 16, 'prueba', 1, '2016-09-11 20:13:35'),
(40, 'analista2', 15, 17, 'prueba', 0, '2016-09-16 21:39:53'),
(41, 'gerente2', 15, 18, 'prueba', 1, '2016-09-24 02:27:04'),
(42, 'gerencia2', 16, 9, 'prueba', 0, '2016-09-10 20:54:19'),
(43, 'abogado2', 16, 12, 'prueba', 0, '2016-09-11 09:07:25'),
(44, 'recepcion', 16, 13, 'prueba', 1, '2016-09-14 19:52:44'),
(45, 'gerencia', 17, 9, 'prueba', 0, '2016-09-07 15:21:47'),
(46, 'abogado2', 17, 12, 'prueba', 0, '2016-09-10 12:10:13'),
(47, 'recepcion2', 17, 13, 'prueba', 0, '2016-09-17 15:35:41'),
(48, 'recepcion2', 18, 4, 'prueba', 0, '2016-09-08 13:33:51'),
(49, 'gerencia', 19, 9, 'prueba', 1, '2016-09-07 00:24:05'),
(50, 'abogado2', 19, 10, 'prueba', 0, '2016-09-09 11:16:18'),
(51, 'abogado', 19, 11, 'prueba', 0, '2016-09-10 11:14:06'),
(52, 'abogado', 19, 12, 'prueba', 0, '2016-09-18 07:45:54'),
(53, 'recepcion2', 19, 13, 'prueba', 1, '2016-09-21 15:26:44'),
(54, 'gerencia', 20, 9, 'prueba', 0, '2016-09-08 03:52:57'),
(55, 'abogado2', 20, 12, 'prueba', 0, '2016-09-14 10:01:36'),
(56, 'recepcion2', 20, 13, 'prueba', 0, '2016-09-20 21:17:35'),
(57, 'recepcionista1', 21, 16, 'prueba', 0, '2016-09-09 13:39:17'),
(58, 'analista2', 21, 20, 'prueba', 0, '2016-09-11 14:25:50'),
(59, 'recepcionista1', 21, 16, 'prueba', 1, '2016-09-19 09:23:34'),
(60, 'analista1', 21, 20, 'prueba', 0, '2016-09-23 04:46:19'),
(61, 'recepcionista2', 21, 16, 'prueba', 1, '2016-09-28 21:26:21'),
(62, 'analista1', 21, 20, 'prueba', 1, '2016-09-29 03:12:45'),
(63, 'recepcionista1', 21, 16, 'prueba', 1, '2016-09-29 08:56:15'),
(64, 'analista2', 21, 20, 'prueba', 1, '2016-09-29 09:31:19'),
(65, 'recepcionista1', 21, 16, 'prueba', 1, '2016-09-29 15:48:06'),
(66, 'analista1', 21, 20, 'prueba', 0, '2016-09-29 18:03:36'),
(67, 'recepcionista2', 21, 16, 'prueba', 1, '2016-09-29 23:14:25'),
(68, 'analista1', 21, 17, 'prueba', 1, '2016-09-29 23:42:59'),
(69, 'gerente2', 21, 19, 'prueba', 1, '2016-09-29 23:50:09'),
(70, 'recepcion', 22, 0, 'prueba', 0, '2016-09-02 01:04:39'),
(71, 'gerencia2', 22, 8, 'prueba', 0, '2016-09-09 00:49:11'),
(72, 'abogado2', 22, 3, 'prueba', 0, '2016-09-10 09:41:55'),
(73, 'recepcion', 22, 7, 'prueba', 0, '2016-09-10 18:50:54'),
(74, 'recepcionista1', 23, 16, 'prueba', 1, '2016-09-04 03:29:15'),
(75, 'analista2', 23, 17, 'prueba', 1, '2016-09-09 10:20:52'),
(76, 'gerente2', 23, 18, 'prueba', 0, '2016-09-16 21:01:36'),
(77, 'recepcionista1', 24, 16, 'prueba', 1, '2016-09-05 08:02:14'),
(78, 'analista2', 24, 20, 'prueba', 1, '2016-09-07 09:28:13'),
(79, 'recepcionista2', 24, 16, 'prueba', 0, '2016-09-12 06:16:47'),
(80, 'analista1', 24, 20, 'prueba', 0, '2016-09-12 13:37:56'),
(81, 'recepcionista2', 24, 21, 'prueba', 0, '2016-09-16 20:11:10'),
(82, 'gerencia', 25, 9, 'prueba', 0, '2016-09-08 10:54:53'),
(83, 'abogado', 25, 14, 'prueba', 0, '2016-09-15 14:22:05'),
(84, 'recepcion2', 25, 13, 'prueba', 1, '2016-09-16 02:36:41'),
(85, 'gerencia2', 26, 9, 'prueba', 1, '2016-09-06 06:18:22'),
(86, 'abogado2', 26, 12, 'prueba', 0, '2016-09-08 09:11:30'),
(87, 'recepcion2', 26, 13, 'prueba', 1, '2016-09-09 03:21:22'),
(88, 'recepcionista2', 27, 21, 'prueba', 1, '2016-09-10 08:22:33'),
(89, 'gerencia2', 28, 9, 'prueba', 0, '2016-09-08 19:00:47'),
(90, 'abogado', 28, 12, 'prueba', 1, '2016-09-12 22:04:04'),
(91, 'recepcion', 28, 13, 'prueba', 1, '2016-09-15 09:15:19'),
(92, 'recepcion2', 29, 0, 'prueba', 1, '2016-09-04 20:32:40'),
(93, 'gerencia', 29, 1, 'prueba', 1, '2016-09-08 22:50:13'),
(94, 'abogado2', 29, 2, 'prueba', 0, '2016-09-12 22:33:42'),
(95, 'abogado', 29, 3, 'prueba', 0, '2016-09-15 03:20:49'),
(96, 'recepcion2', 29, 0, 'prueba', 1, '2016-09-18 17:06:45'),
(97, 'gerencia2', 29, 6, 'prueba', 1, '2016-09-26 06:35:54'),
(98, 'recepcion', 29, 4, 'prueba', 1, '2016-09-27 00:56:03'),
(99, 'gerencia', 30, 9, 'prueba', 0, '2016-09-04 11:21:53'),
(100, 'abogado2', 30, 12, 'prueba', 0, '2016-09-06 05:27:12'),
(101, 'recepcion2', 30, 13, 'prueba', 1, '2016-09-08 03:11:03'),
(102, 'gerencia', 31, 9, 'prueba', 0, '2016-09-04 21:11:04'),
(103, 'abogado', 31, 10, 'prueba', 1, '2016-09-07 12:31:54'),
(104, 'abogado', 31, 11, 'prueba', 1, '2016-09-10 03:36:41'),
(105, 'abogado2', 31, 10, 'prueba', 0, '2016-09-13 15:21:52'),
(106, 'abogado2', 31, 11, 'prueba', 0, '2016-09-19 08:17:52'),
(107, 'abogado', 31, 10, 'prueba', 0, '2016-09-21 06:25:27'),
(108, 'abogado2', 31, 11, 'prueba', 1, '2016-09-23 03:43:29'),
(109, 'abogado2', 31, 14, 'prueba', 0, '2016-09-26 17:33:16'),
(110, 'recepcion2', 31, 13, 'prueba', 1, '2016-09-28 10:05:21'),
(111, 'recepcionista1', 32, 21, 'prueba', 1, '2016-09-10 14:12:03'),
(112, 'recepcionista1', 33, 16, 'prueba', 0, '2016-09-06 23:06:07'),
(113, 'analista2', 33, 17, 'prueba', 0, '2016-09-13 05:26:48'),
(114, 'gerente2', 33, 18, 'prueba', 1, '2016-09-14 09:12:54'),
(115, 'recepcion', 34, 0, 'prueba', 0, '2016-09-08 00:44:18'),
(116, 'gerencia2', 34, 6, 'prueba', 0, '2016-09-15 01:26:50'),
(117, 'recepcion', 34, 4, 'prueba', 0, '2016-09-19 10:34:37'),
(118, 'recepcionista1', 35, 21, 'prueba', 0, '2016-09-05 19:29:14'),
(119, 'recepcionista1', 36, 16, 'prueba', 1, '2016-09-08 07:48:44'),
(120, 'analista1', 36, 20, 'prueba', 0, '2016-09-08 15:53:16'),
(121, 'recepcionista1', 36, 16, 'prueba', 1, '2016-09-10 04:03:42'),
(122, 'analista1', 36, 20, 'prueba', 0, '2016-09-12 18:27:17'),
(123, 'recepcionista2', 36, 16, 'prueba', 1, '2016-09-19 16:23:43'),
(124, 'analista2', 36, 17, 'prueba', 0, '2016-09-25 22:37:14'),
(125, 'gerente1', 36, 18, 'prueba', 0, '2016-09-29 15:10:58'),
(126, 'recepcion', 37, 7, 'prueba', 1, '2016-09-06 12:04:31'),
(127, 'gerencia', 38, 9, 'prueba', 1, '2016-09-06 03:17:41'),
(128, 'abogado', 38, 12, 'prueba', 1, '2016-09-07 12:27:53'),
(129, 'recepcion', 38, 13, 'prueba', 0, '2016-09-13 00:11:11'),
(130, 'recepcionista2', 39, 16, 'prueba', 0, '2016-09-12 17:02:41'),
(131, 'analista1', 39, 17, 'prueba', 1, '2016-09-14 09:22:30'),
(132, 'gerente2', 39, 18, 'prueba', 1, '2016-09-17 04:41:54'),
(133, 'recepcionista1', 40, 16, 'prueba', 0, '2016-09-12 09:13:15'),
(134, 'analista2', 40, 17, 'prueba', 1, '2016-09-14 14:05:07'),
(135, 'gerente1', 40, 18, 'prueba', 1, '2016-09-18 12:04:02'),
(136, 'gerencia', 41, 9, 'prueba', 1, '2016-09-07 13:45:24'),
(137, 'abogado', 41, 12, 'prueba', 1, '2016-09-11 08:00:44'),
(138, 'recepcion2', 41, 13, 'prueba', 0, '2016-09-12 23:03:45'),
(139, 'recepcionista1', 42, 16, 'prueba', 0, '2016-09-07 15:49:43'),
(140, 'analista1', 42, 20, 'prueba', 0, '2016-09-14 05:16:04'),
(141, 'recepcionista1', 42, 21, 'prueba', 0, '2016-09-18 19:43:39'),
(142, 'gerencia', 43, 9, 'prueba', 1, '2016-09-03 21:12:55'),
(143, 'abogado2', 43, 10, 'prueba', 0, '2016-09-11 17:40:32'),
(144, 'abogado', 43, 11, 'prueba', 1, '2016-09-15 10:00:08'),
(145, 'abogado', 43, 10, 'prueba', 0, '2016-09-21 21:29:34'),
(146, 'abogado2', 43, 15, 'prueba', 0, '2016-09-24 21:28:43'),
(147, 'abogado2', 43, 10, 'prueba', 0, '2016-09-28 12:50:04'),
(148, 'abogado', 43, 15, 'prueba', 0, '2016-09-28 21:17:18'),
(149, 'abogado', 43, 14, 'prueba', 1, '2016-09-29 21:36:41'),
(150, 'recepcion2', 43, 13, 'prueba', 1, '2016-09-29 22:47:02'),
(151, 'recepcion2', 44, 0, 'prueba', 1, '2016-09-10 13:33:57'),
(152, 'gerencia2', 44, 1, 'prueba', 0, '2016-09-10 20:23:31'),
(153, 'abogado', 44, 5, 'prueba', 1, '2016-09-15 10:51:58'),
(154, 'recepcion', 44, 7, 'prueba', 1, '2016-09-17 22:04:39'),
(155, 'gerencia', 45, 9, 'prueba', 0, '2016-09-11 23:54:25'),
(156, 'abogado', 45, 14, 'prueba', 1, '2016-09-18 00:54:08'),
(157, 'recepcion', 45, 13, 'prueba', 0, '2016-09-25 11:25:43'),
(158, 'gerencia', 46, 9, 'prueba', 0, '2016-09-06 19:26:45'),
(159, 'abogado', 46, 14, 'prueba', 0, '2016-09-13 06:23:20'),
(160, 'recepcion', 46, 13, 'prueba', 1, '2016-09-17 05:18:27'),
(161, 'recepcionista1', 47, 16, 'prueba', 0, '2016-09-07 18:01:13'),
(162, 'analista2', 47, 17, 'prueba', 1, '2016-09-09 15:33:20'),
(163, 'gerente1', 47, 19, 'prueba', 0, '2016-09-12 17:38:10'),
(164, 'recepcionista2', 48, 16, 'prueba', 1, '2016-09-03 04:32:27'),
(165, 'analista2', 48, 17, 'prueba', 0, '2016-09-08 03:04:37'),
(166, 'gerente1', 48, 18, 'prueba', 1, '2016-09-11 22:54:33'),
(167, 'gerencia', 49, 9, 'prueba', 1, '2016-09-09 05:20:17'),
(168, 'abogado2', 49, 10, 'prueba', 0, '2016-09-14 00:03:26'),
(169, 'abogado', 49, 11, 'prueba', 0, '2016-09-17 23:40:31'),
(170, 'abogado2', 49, 12, 'prueba', 1, '2016-09-22 06:27:20'),
(171, 'recepcion', 49, 13, 'prueba', 0, '2016-09-26 02:38:00'),
(172, 'recepcion', 50, 0, 'prueba', 1, '2016-09-13 04:17:00'),
(173, 'gerencia2', 50, 8, 'prueba', 0, '2016-09-13 16:37:51'),
(174, 'abogado2', 50, 3, 'prueba', 0, '2016-09-20 08:27:26'),
(175, 'recepcion2', 50, 4, 'prueba', 1, '2016-09-24 05:20:09'),
(176, 'recepcion', 51, 0, 'prueba', 1, '2016-08-05 21:29:37'),
(177, 'gerencia', 51, 6, 'prueba', 1, '2016-08-11 02:19:49'),
(178, 'recepcion2', 51, 0, 'prueba', 0, '2016-08-12 08:06:41'),
(179, 'gerencia', 51, 1, 'prueba', 1, '2016-08-15 02:12:56'),
(180, 'abogado', 51, 2, 'prueba', 0, '2016-08-15 22:01:11'),
(181, 'abogado2', 51, 3, 'prueba', 0, '2016-08-21 01:17:54'),
(182, 'recepcion', 51, 0, 'prueba', 0, '2016-08-27 20:49:05'),
(183, 'gerencia2', 51, 8, 'prueba', 0, '2016-08-29 04:15:00'),
(184, 'abogado', 51, 3, 'prueba', 0, '2016-08-29 22:27:20'),
(185, 'recepcion2', 51, 7, 'prueba', 0, '2016-08-29 22:38:06'),
(186, 'recepcionista2', 52, 16, 'prueba', 1, '2016-08-12 13:09:54'),
(187, 'analista1', 52, 20, 'prueba', 1, '2016-08-19 10:31:36'),
(188, 'recepcionista1', 52, 16, 'prueba', 0, '2016-08-26 04:39:59'),
(189, 'analista2', 52, 20, 'prueba', 0, '2016-08-27 08:48:36'),
(190, 'recepcionista2', 52, 21, 'prueba', 1, '2016-08-28 01:31:14'),
(191, 'recepcionista2', 53, 16, 'prueba', 1, '2016-08-09 16:18:47'),
(192, 'analista2', 53, 17, 'prueba', 0, '2016-08-10 08:27:10'),
(193, 'gerente1', 53, 19, 'prueba', 0, '2016-08-11 13:47:58'),
(194, 'recepcionista2', 54, 16, 'prueba', 1, '2016-08-10 12:55:42'),
(195, 'analista1', 54, 17, 'prueba', 0, '2016-08-12 07:56:27'),
(196, 'gerente2', 54, 19, 'prueba', 0, '2016-08-13 21:26:28'),
(197, 'gerencia2', 55, 9, 'prueba', 0, '2016-08-09 21:49:02'),
(198, 'abogado', 55, 14, 'prueba', 0, '2016-08-16 04:32:12'),
(199, 'recepcion', 55, 13, 'prueba', 1, '2016-08-22 18:44:15'),
(200, 'recepcionista2', 56, 16, 'prueba', 0, '2016-08-08 05:18:37'),
(201, 'analista1', 56, 17, 'prueba', 1, '2016-08-15 16:19:02'),
(202, 'gerente2', 56, 18, 'prueba', 0, '2016-08-21 23:49:53'),
(203, 'recepcionista1', 57, 21, 'prueba', 0, '2016-08-09 13:15:34'),
(204, 'recepcionista1', 58, 21, 'prueba', 1, '2016-08-08 14:10:42'),
(205, 'recepcionista1', 59, 16, 'prueba', 1, '2016-08-07 07:32:59'),
(206, 'analista2', 59, 17, 'prueba', 0, '2016-08-12 22:49:29'),
(207, 'gerente1', 59, 18, 'prueba', 0, '2016-08-18 04:09:32'),
(208, 'recepcionista2', 60, 21, 'prueba', 1, '2016-08-06 09:40:19'),
(209, 'gerencia2', 61, 9, 'prueba', 1, '2016-08-07 23:40:05'),
(210, 'abogado', 61, 12, 'prueba', 1, '2016-08-14 00:52:26'),
(211, 'recepcion', 61, 13, 'prueba', 1, '2016-08-15 17:35:39'),
(212, 'gerencia2', 62, 9, 'prueba', 1, '2016-08-03 00:14:32'),
(213, 'abogado', 62, 12, 'prueba', 1, '2016-08-09 08:07:18'),
(214, 'recepcion2', 62, 13, 'prueba', 0, '2016-08-14 11:43:52'),
(215, 'recepcionista2', 63, 16, 'prueba', 1, '2016-08-08 18:50:26'),
(216, 'analista2', 63, 17, 'prueba', 0, '2016-08-13 19:38:38'),
(217, 'gerente1', 63, 18, 'prueba', 1, '2016-08-19 19:48:27'),
(218, 'gerencia', 64, 9, 'prueba', 0, '2016-08-01 17:24:21'),
(219, 'abogado2', 64, 10, 'prueba', 0, '2016-08-03 20:23:47'),
(220, 'abogado', 64, 11, 'prueba', 0, '2016-08-10 20:02:54'),
(221, 'abogado2', 64, 14, 'prueba', 0, '2016-08-11 11:33:26'),
(222, 'recepcion', 64, 13, 'prueba', 0, '2016-08-11 15:52:42'),
(223, 'recepcionista1', 65, 21, 'prueba', 1, '2016-08-07 06:33:43'),
(224, 'gerencia2', 66, 9, 'prueba', 1, '2016-08-05 14:28:10'),
(225, 'abogado2', 66, 10, 'prueba', 0, '2016-08-07 02:07:29'),
(226, 'abogado', 66, 11, 'prueba', 1, '2016-08-08 12:25:52'),
(227, 'abogado', 66, 12, 'prueba', 1, '2016-08-12 16:48:34'),
(228, 'recepcion', 66, 13, 'prueba', 0, '2016-08-16 15:40:50'),
(229, 'gerencia', 67, 9, 'prueba', 0, '2016-08-06 06:28:53'),
(230, 'abogado2', 67, 12, 'prueba', 1, '2016-08-09 22:24:12'),
(231, 'recepcion2', 67, 13, 'prueba', 1, '2016-08-13 21:47:19'),
(232, 'recepcion', 68, 0, 'prueba', 0, '2016-08-08 19:33:09'),
(233, 'gerencia', 68, 1, 'prueba', 1, '2016-08-11 20:31:31'),
(234, 'abogado2', 68, 2, 'prueba', 0, '2016-08-17 22:18:07'),
(235, 'abogado', 68, 3, 'prueba', 0, '2016-08-21 16:42:07'),
(236, 'recepcion2', 68, 0, 'prueba', 1, '2016-08-28 22:06:58'),
(237, 'gerencia2', 68, 8, 'prueba', 0, '2016-08-29 04:51:25'),
(238, 'abogado2', 68, 3, 'prueba', 1, '2016-08-29 05:41:15'),
(239, 'recepcion', 68, 7, 'prueba', 0, '2016-08-29 21:03:29'),
(240, 'recepcion2', 69, 4, 'prueba', 0, '2016-08-04 06:50:11'),
(241, 'recepcion2', 70, 0, 'prueba', 1, '2016-08-05 23:22:38'),
(242, 'gerencia', 70, 8, 'prueba', 0, '2016-08-09 15:40:36'),
(243, 'abogado', 70, 3, 'prueba', 1, '2016-08-12 05:18:33'),
(244, 'recepcion2', 70, 7, 'prueba', 1, '2016-08-17 22:22:36'),
(245, 'gerencia2', 71, 9, 'prueba', 0, '2016-08-12 07:59:52'),
(246, 'abogado', 71, 12, 'prueba', 1, '2016-08-18 16:12:22'),
(247, 'recepcion', 71, 13, 'prueba', 0, '2016-08-22 20:22:23'),
(248, 'recepcion2', 72, 7, 'prueba', 0, '2016-08-07 22:54:21'),
(249, 'recepcion2', 73, 0, 'prueba', 0, '2016-08-09 13:13:04'),
(250, 'gerencia', 73, 1, 'prueba', 0, '2016-08-16 05:33:27'),
(251, 'abogado2', 73, 2, 'prueba', 1, '2016-08-22 18:41:58'),
(252, 'abogado2', 73, 3, 'prueba', 0, '2016-08-23 07:38:42'),
(253, 'recepcion2', 73, 4, 'prueba', 0, '2016-08-26 12:40:17'),
(254, 'gerencia', 74, 9, 'prueba', 0, '2016-08-11 23:12:46'),
(255, 'abogado2', 74, 12, 'prueba', 0, '2016-08-14 13:59:09'),
(256, 'recepcion', 74, 13, 'prueba', 0, '2016-08-20 15:34:30'),
(257, 'recepcionista1', 75, 16, 'prueba', 0, '2016-08-07 23:29:34'),
(258, 'analista2', 75, 20, 'prueba', 1, '2016-08-10 08:07:48'),
(259, 'recepcionista1', 75, 21, 'prueba', 0, '2016-08-14 23:59:44'),
(260, 'recepcion', 76, 7, 'prueba', 1, '2016-08-09 00:24:14'),
(261, 'gerencia2', 77, 9, 'prueba', 1, '2016-08-07 10:16:42'),
(262, 'abogado2', 77, 14, 'prueba', 0, '2016-08-12 09:23:27'),
(263, 'recepcion', 77, 13, 'prueba', 1, '2016-08-18 07:03:00'),
(264, 'gerencia2', 78, 9, 'prueba', 0, '2016-08-06 04:00:29'),
(265, 'abogado2', 78, 10, 'prueba', 0, '2016-08-10 20:14:44'),
(266, 'abogado2', 78, 11, 'prueba', 0, '2016-08-14 23:26:15'),
(267, 'abogado', 78, 10, 'prueba', 0, '2016-08-17 10:35:25'),
(268, 'abogado', 78, 11, 'prueba', 0, '2016-08-21 01:23:26'),
(269, 'abogado2', 78, 14, 'prueba', 0, '2016-08-26 06:35:36'),
(270, 'recepcion', 78, 13, 'prueba', 1, '2016-08-26 19:25:24'),
(271, 'recepcionista2', 79, 21, 'prueba', 1, '2016-08-03 01:07:47'),
(272, 'recepcionista2', 80, 16, 'prueba', 0, '2016-08-03 19:43:45'),
(273, 'analista2', 80, 17, 'prueba', 1, '2016-08-10 12:58:29'),
(274, 'gerente2', 80, 19, 'prueba', 1, '2016-08-16 16:01:24'),
(275, 'gerencia', 81, 9, 'prueba', 1, '2016-08-05 07:19:03'),
(276, 'abogado2', 81, 10, 'prueba', 0, '2016-08-05 13:01:20'),
(277, 'abogado2', 81, 15, 'prueba', 1, '2016-08-05 19:27:59'),
(278, 'abogado2', 81, 12, 'prueba', 1, '2016-08-09 09:32:47'),
(279, 'recepcion', 81, 13, 'prueba', 1, '2016-08-12 18:39:00'),
(280, 'gerencia2', 82, 9, 'prueba', 0, '2016-08-06 01:26:55'),
(281, 'abogado', 82, 14, 'prueba', 1, '2016-08-12 10:04:50'),
(282, 'recepcion2', 82, 13, 'prueba', 1, '2016-08-17 22:53:23'),
(283, 'recepcionista2', 83, 21, 'prueba', 0, '2016-08-06 01:04:21'),
(284, 'recepcion', 84, 4, 'prueba', 0, '2016-08-08 21:40:40'),
(285, 'recepcionista1', 85, 21, 'prueba', 0, '2016-08-07 02:04:10'),
(286, 'gerencia', 86, 9, 'prueba', 1, '2016-08-04 13:01:05'),
(287, 'abogado', 86, 10, 'prueba', 1, '2016-08-09 15:07:42'),
(288, 'abogado', 86, 15, 'prueba', 1, '2016-08-11 15:14:39'),
(289, 'abogado', 86, 14, 'prueba', 0, '2016-08-15 09:05:38'),
(290, 'recepcion2', 86, 13, 'prueba', 1, '2016-08-22 13:54:55'),
(291, 'gerencia', 87, 9, 'prueba', 0, '2016-08-08 18:24:16'),
(292, 'abogado', 87, 12, 'prueba', 0, '2016-08-13 22:42:51'),
(293, 'recepcion2', 87, 13, 'prueba', 0, '2016-08-15 07:41:26'),
(294, 'gerencia', 88, 9, 'prueba', 0, '2016-08-07 15:50:10'),
(295, 'abogado', 88, 10, 'prueba', 0, '2016-08-09 00:09:38'),
(296, 'abogado2', 88, 15, 'prueba', 1, '2016-08-10 00:44:00'),
(297, 'abogado2', 88, 14, 'prueba', 0, '2016-08-12 08:10:20'),
(298, 'recepcion', 88, 13, 'prueba', 1, '2016-08-18 15:13:42'),
(299, 'recepcion', 89, 7, 'prueba', 1, '2016-08-10 14:50:01'),
(300, 'gerencia', 90, 9, 'prueba', 0, '2016-08-02 20:36:09'),
(301, 'abogado2', 90, 10, 'prueba', 0, '2016-08-05 15:19:40'),
(302, 'abogado2', 90, 11, 'prueba', 0, '2016-08-11 04:55:50'),
(303, 'abogado2', 90, 14, 'prueba', 0, '2016-08-17 17:49:17'),
(304, 'recepcion', 90, 13, 'prueba', 1, '2016-08-22 10:42:22'),
(305, 'recepcionista1', 91, 21, 'prueba', 0, '2016-08-05 08:38:36'),
(306, 'recepcion', 92, 0, 'prueba', 0, '2016-08-05 17:26:51'),
(307, 'gerencia', 92, 6, 'prueba', 0, '2016-08-11 13:22:04'),
(308, 'recepcion', 92, 4, 'prueba', 0, '2016-08-18 06:07:15'),
(309, 'recepcionista1', 93, 16, 'prueba', 1, '2016-08-10 00:11:35'),
(310, 'analista1', 93, 17, 'prueba', 0, '2016-08-11 17:08:03'),
(311, 'gerente1', 93, 19, 'prueba', 0, '2016-08-13 22:50:38'),
(312, 'gerencia', 94, 9, 'prueba', 0, '2016-08-03 02:47:34'),
(313, 'abogado', 94, 14, 'prueba', 0, '2016-08-03 20:29:32'),
(314, 'recepcion2', 94, 13, 'prueba', 1, '2016-08-04 19:32:16'),
(315, 'recepcion2', 95, 4, 'prueba', 1, '2016-08-08 01:52:32'),
(316, 'recepcion', 96, 4, 'prueba', 0, '2016-08-11 14:49:02'),
(317, 'gerencia2', 97, 9, 'prueba', 0, '2016-08-09 14:46:04'),
(318, 'abogado', 97, 10, 'prueba', 1, '2016-08-10 23:05:49'),
(319, 'abogado2', 97, 11, 'prueba', 1, '2016-08-15 22:34:00'),
(320, 'abogado', 97, 12, 'prueba', 0, '2016-08-19 01:15:41'),
(321, 'recepcion2', 97, 13, 'prueba', 1, '2016-08-26 03:10:50'),
(322, 'recepcionista1', 98, 16, 'prueba', 1, '2016-08-07 00:33:31'),
(323, 'analista2', 98, 20, 'prueba', 0, '2016-08-12 17:39:51'),
(324, 'recepcionista2', 98, 16, 'prueba', 0, '2016-08-15 00:09:20'),
(325, 'analista2', 98, 20, 'prueba', 1, '2016-08-17 08:46:57'),
(326, 'recepcionista2', 98, 16, 'prueba', 0, '2016-08-19 01:08:07'),
(327, 'analista2', 98, 20, 'prueba', 0, '2016-08-22 18:24:05'),
(328, 'recepcionista1', 98, 16, 'prueba', 0, '2016-08-25 12:10:42'),
(329, 'analista2', 98, 20, 'prueba', 0, '2016-08-25 18:39:04'),
(330, 'recepcionista2', 98, 21, 'prueba', 1, '2016-08-26 03:35:32'),
(331, 'gerencia', 99, 9, 'prueba', 0, '2016-08-03 21:13:39'),
(332, 'abogado2', 99, 14, 'prueba', 1, '2016-08-11 13:37:48'),
(333, 'recepcion', 99, 13, 'prueba', 0, '2016-08-13 10:50:12'),
(334, 'recepcion', 100, 7, 'prueba', 0, '2016-08-11 12:41:10'),
(335, 'gerencia2', 101, 9, 'prueba', 1, '2016-08-10 02:25:18'),
(336, 'abogado', 101, 14, 'prueba', 1, '2016-08-10 13:08:38'),
(337, 'recepcion2', 101, 13, 'prueba', 1, '2016-08-16 14:34:35'),
(338, 'recepcionista1', 102, 16, 'prueba', 0, '2016-08-04 00:55:18'),
(339, 'analista1', 102, 17, 'prueba', 1, '2016-08-05 06:52:56'),
(340, 'gerente2', 102, 18, 'prueba', 0, '2016-08-06 22:29:44'),
(341, 'recepcion', 103, 4, 'prueba', 1, '2016-08-02 08:51:03'),
(342, 'gerencia2', 104, 9, 'prueba', 1, '2016-08-10 14:18:49'),
(343, 'abogado', 104, 10, 'prueba', 0, '2016-08-14 18:44:24'),
(344, 'abogado', 104, 15, 'prueba', 1, '2016-08-16 05:14:35'),
(345, 'abogado2', 104, 12, 'prueba', 0, '2016-08-19 00:29:30'),
(346, 'recepcion2', 104, 13, 'prueba', 0, '2016-08-20 14:19:14'),
(347, 'recepcion2', 105, 0, 'prueba', 0, '2016-08-10 23:53:15'),
(348, 'gerencia2', 105, 8, 'prueba', 0, '2016-08-15 23:34:50'),
(349, 'abogado2', 105, 3, 'prueba', 0, '2016-08-21 08:26:14'),
(350, 'recepcion2', 105, 7, 'prueba', 1, '2016-08-23 09:53:01'),
(351, 'gerencia', 106, 9, 'prueba', 0, '2016-08-10 02:35:36'),
(352, 'abogado', 106, 14, 'prueba', 1, '2016-08-16 08:36:43'),
(353, 'recepcion', 106, 13, 'prueba', 1, '2016-08-22 19:37:09'),
(354, 'recepcionista2', 107, 16, 'prueba', 0, '2016-08-08 21:51:57'),
(355, 'analista1', 107, 20, 'prueba', 1, '2016-08-11 17:09:39'),
(356, 'recepcionista2', 107, 16, 'prueba', 0, '2016-08-13 23:12:22'),
(357, 'analista1', 107, 20, 'prueba', 0, '2016-08-15 07:53:18'),
(358, 'recepcionista1', 107, 21, 'prueba', 0, '2016-08-19 22:02:03'),
(359, 'recepcion', 108, 7, 'prueba', 1, '2016-08-07 06:24:18'),
(360, 'gerencia2', 109, 9, 'prueba', 1, '2016-08-09 03:52:49'),
(361, 'abogado', 109, 12, 'prueba', 1, '2016-08-11 08:28:46'),
(362, 'recepcion2', 109, 13, 'prueba', 0, '2016-08-17 00:46:47'),
(363, 'gerencia2', 110, 9, 'prueba', 0, '2016-08-07 08:39:19'),
(364, 'abogado', 110, 12, 'prueba', 0, '2016-08-07 18:58:31'),
(365, 'recepcion2', 110, 13, 'prueba', 0, '2016-08-15 01:34:18'),
(366, 'recepcion2', 111, 4, 'prueba', 0, '2016-08-11 10:31:34'),
(367, 'gerencia', 112, 9, 'prueba', 0, '2016-08-09 00:00:01'),
(368, 'abogado2', 112, 12, 'prueba', 1, '2016-08-14 19:18:14'),
(369, 'recepcion2', 112, 13, 'prueba', 1, '2016-08-21 19:01:19'),
(370, 'recepcion', 113, 0, 'prueba', 0, '2016-08-05 15:39:48'),
(371, 'gerencia2', 113, 8, 'prueba', 0, '2016-08-12 12:46:17'),
(372, 'abogado2', 113, 3, 'prueba', 0, '2016-08-20 04:00:13'),
(373, 'recepcion', 113, 0, 'prueba', 0, '2016-08-27 00:31:35'),
(374, 'gerencia2', 113, 1, 'prueba', 0, '2016-08-27 11:55:01'),
(375, 'abogado', 113, 5, 'prueba', 1, '2016-08-28 11:38:32'),
(376, 'recepcion', 113, 4, 'prueba', 1, '2016-08-28 11:50:35'),
(377, 'gerencia2', 114, 9, 'prueba', 1, '2016-08-06 00:51:12'),
(378, 'abogado2', 114, 14, 'prueba', 1, '2016-08-13 09:42:28'),
(379, 'recepcion2', 114, 13, 'prueba', 1, '2016-08-16 14:43:42'),
(380, 'recepcionista2', 115, 16, 'prueba', 0, '2016-08-07 11:38:52'),
(381, 'analista1', 115, 20, 'prueba', 0, '2016-08-12 16:11:15'),
(382, 'recepcionista2', 115, 21, 'prueba', 1, '2016-08-18 17:34:25'),
(383, 'gerencia', 116, 9, 'prueba', 1, '2016-08-04 13:00:59'),
(384, 'abogado', 116, 10, 'prueba', 1, '2016-08-07 16:11:46'),
(385, 'abogado', 116, 11, 'prueba', 0, '2016-08-15 07:03:50'),
(386, 'abogado2', 116, 14, 'prueba', 0, '2016-08-16 23:37:04'),
(387, 'recepcion', 116, 13, 'prueba', 0, '2016-08-18 23:01:30'),
(388, 'gerencia2', 117, 9, 'prueba', 1, '2016-08-06 06:55:42'),
(389, 'abogado2', 117, 10, 'prueba', 0, '2016-08-07 11:05:09'),
(390, 'abogado2', 117, 11, 'prueba', 0, '2016-08-14 06:18:16'),
(391, 'abogado', 117, 14, 'prueba', 1, '2016-08-20 12:08:29'),
(392, 'recepcion', 117, 13, 'prueba', 1, '2016-08-24 11:43:49'),
(393, 'recepcionista1', 118, 16, 'prueba', 0, '2016-08-07 05:05:56'),
(394, 'analista1', 118, 20, 'prueba', 1, '2016-08-14 20:44:55'),
(395, 'recepcionista1', 118, 16, 'prueba', 0, '2016-08-16 12:49:09'),
(396, 'analista2', 118, 17, 'prueba', 0, '2016-08-21 13:36:04'),
(397, 'gerente1', 118, 19, 'prueba', 0, '2016-08-23 05:09:16'),
(398, 'gerencia2', 119, 9, 'prueba', 1, '2016-08-07 23:36:48'),
(399, 'abogado', 119, 14, 'prueba', 0, '2016-08-10 21:47:01'),
(400, 'recepcion', 119, 13, 'prueba', 1, '2016-08-17 15:35:58'),
(401, 'recepcion', 120, 7, 'prueba', 0, '2016-08-06 02:45:31'),
(402, 'recepcion', 121, 7, 'prueba', 0, '2016-08-09 16:03:24'),
(403, 'recepcionista2', 122, 16, 'prueba', 1, '2016-08-08 14:49:41'),
(404, 'analista2', 122, 20, 'prueba', 0, '2016-08-13 19:25:18'),
(405, 'recepcionista1', 122, 21, 'prueba', 1, '2016-08-16 23:52:19'),
(406, 'recepcionista1', 123, 16, 'prueba', 1, '2016-08-07 07:41:37'),
(407, 'analista1', 123, 20, 'prueba', 1, '2016-08-08 20:07:21'),
(408, 'recepcionista1', 123, 16, 'prueba', 1, '2016-08-09 13:14:03'),
(409, 'analista2', 123, 20, 'prueba', 1, '2016-08-16 18:48:36'),
(410, 'recepcionista2', 123, 16, 'prueba', 0, '2016-08-23 01:25:30'),
(411, 'analista2', 123, 20, 'prueba', 1, '2016-08-28 04:32:08'),
(412, 'recepcionista1', 123, 21, 'prueba', 0, '2016-08-28 12:23:18'),
(413, 'recepcion2', 124, 7, 'prueba', 1, '2016-08-10 03:15:57'),
(414, 'recepcionista1', 125, 16, 'prueba', 0, '2016-08-09 17:28:04'),
(415, 'analista2', 125, 20, 'prueba', 0, '2016-08-13 05:55:23'),
(416, 'recepcionista1', 125, 16, 'prueba', 0, '2016-08-15 11:35:35'),
(417, 'analista1', 125, 17, 'prueba', 1, '2016-08-20 01:51:44'),
(418, 'gerente2', 125, 19, 'prueba', 1, '2016-08-26 08:30:46'),
(419, 'recepcion2', 126, 0, 'prueba', 0, '2016-08-03 08:50:55'),
(420, 'gerencia2', 126, 1, 'prueba', 1, '2016-08-06 02:01:59'),
(421, 'abogado2', 126, 2, 'prueba', 1, '2016-08-09 09:42:28'),
(422, 'abogado2', 126, 3, 'prueba', 1, '2016-08-12 23:38:41'),
(423, 'recepcion2', 126, 7, 'prueba', 0, '2016-08-20 10:43:05'),
(424, 'recepcionista2', 127, 16, 'prueba', 0, '2016-08-07 10:20:09'),
(425, 'analista2', 127, 20, 'prueba', 1, '2016-08-09 20:31:57'),
(426, 'recepcionista2', 127, 21, 'prueba', 0, '2016-08-17 10:26:35'),
(427, 'gerencia', 128, 9, 'prueba', 1, '2016-08-05 23:39:28'),
(428, 'abogado2', 128, 14, 'prueba', 0, '2016-08-06 23:18:02'),
(429, 'recepcion2', 128, 13, 'prueba', 1, '2016-08-09 05:14:52'),
(430, 'recepcionista2', 129, 21, 'prueba', 1, '2016-08-05 05:20:03'),
(431, 'gerencia', 130, 9, 'prueba', 1, '2016-08-09 22:10:39'),
(432, 'abogado', 130, 14, 'prueba', 1, '2016-08-15 16:21:29'),
(433, 'recepcion2', 130, 13, 'prueba', 1, '2016-08-15 21:43:38'),
(434, 'gerencia2', 131, 9, 'prueba', 0, '2016-08-04 00:10:18'),
(435, 'abogado2', 131, 10, 'prueba', 0, '2016-08-11 00:42:14'),
(436, 'abogado', 131, 11, 'prueba', 0, '2016-08-14 02:30:36'),
(437, 'abogado2', 131, 10, 'prueba', 0, '2016-08-21 19:30:48'),
(438, 'abogado2', 131, 11, 'prueba', 1, '2016-08-29 11:53:21'),
(439, 'abogado2', 131, 10, 'prueba', 0, '2016-08-29 22:28:26'),
(440, 'abogado2', 131, 11, 'prueba', 0, '2016-08-29 22:36:47'),
(441, 'abogado2', 131, 12, 'prueba', 1, '2016-08-29 23:17:01'),
(442, 'recepcion2', 131, 13, 'prueba', 0, '2016-08-29 23:42:25'),
(443, 'recepcionista2', 132, 21, 'prueba', 1, '2016-08-10 07:23:04'),
(444, 'recepcion2', 133, 0, 'prueba', 0, '2016-08-07 00:42:12'),
(445, 'gerencia2', 133, 1, 'prueba', 1, '2016-08-08 06:46:00'),
(446, 'abogado2', 133, 2, 'prueba', 0, '2016-08-10 19:04:39'),
(447, 'abogado2', 133, 3, 'prueba', 0, '2016-08-12 06:39:27'),
(448, 'recepcion2', 133, 7, 'prueba', 0, '2016-08-19 18:49:13'),
(449, 'recepcionista1', 134, 21, 'prueba', 1, '2016-08-06 15:29:20'),
(450, 'gerencia2', 135, 9, 'prueba', 1, '2016-08-02 19:18:20'),
(451, 'abogado', 135, 12, 'prueba', 1, '2016-08-08 22:57:37'),
(452, 'recepcion', 135, 13, 'prueba', 0, '2016-08-14 04:35:47'),
(453, 'recepcionista2', 136, 16, 'prueba', 1, '2016-08-10 16:49:50'),
(454, 'analista2', 136, 20, 'prueba', 0, '2016-08-11 19:24:34'),
(455, 'recepcionista1', 136, 21, 'prueba', 1, '2016-08-15 02:06:29'),
(456, 'recepcion', 137, 0, 'prueba', 0, '2016-08-05 12:53:24'),
(457, 'gerencia2', 137, 8, 'prueba', 1, '2016-08-10 18:05:53'),
(458, 'abogado', 137, 3, 'prueba', 0, '2016-08-14 16:03:04'),
(459, 'recepcion', 137, 0, 'prueba', 0, '2016-08-16 01:13:30'),
(460, 'gerencia', 137, 1, 'prueba', 1, '2016-08-22 21:19:39'),
(461, 'abogado2', 137, 5, 'prueba', 1, '2016-08-29 10:51:53'),
(462, 'recepcion2', 137, 0, 'prueba', 0, '2016-08-29 16:28:26'),
(463, 'gerencia2', 137, 8, 'prueba', 0, '2016-08-29 18:39:43'),
(464, 'abogado', 137, 3, 'prueba', 1, '2016-08-29 23:38:51'),
(465, 'recepcion2', 137, 7, 'prueba', 0, '2016-08-29 23:42:41'),
(466, 'recepcionista1', 138, 21, 'prueba', 1, '2016-08-06 21:17:16'),
(467, 'recepcionista2', 139, 21, 'prueba', 1, '2016-08-08 08:56:43'),
(468, 'recepcion2', 140, 0, 'prueba', 1, '2016-08-06 10:10:58'),
(469, 'gerencia', 140, 1, 'prueba', 0, '2016-08-14 05:54:40'),
(470, 'abogado2', 140, 2, 'prueba', 0, '2016-08-21 12:03:01'),
(471, 'abogado2', 140, 3, 'prueba', 0, '2016-08-23 21:09:07'),
(472, 'recepcion2', 140, 0, 'prueba', 1, '2016-08-26 03:00:48'),
(473, 'gerencia2', 140, 8, 'prueba', 0, '2016-08-27 02:25:21'),
(474, 'abogado2', 140, 3, 'prueba', 1, '2016-08-28 11:57:53'),
(475, 'recepcion2', 140, 0, 'prueba', 1, '2016-08-29 02:11:30'),
(476, 'gerencia', 140, 8, 'prueba', 1, '2016-08-29 18:07:22'),
(477, 'abogado', 140, 3, 'prueba', 1, '2016-08-29 21:31:51'),
(478, 'recepcion', 140, 0, 'prueba', 1, '2016-08-29 23:34:39'),
(479, 'gerencia2', 140, 8, 'prueba', 0, '2016-08-29 23:34:42'),
(480, 'abogado2', 140, 3, 'prueba', 0, '2016-08-29 23:56:11'),
(481, 'recepcion2', 140, 7, 'prueba', 1, '2016-08-29 23:59:43'),
(482, 'recepcionista1', 141, 21, 'prueba', 1, '2016-08-03 16:01:34'),
(483, 'recepcion2', 142, 4, 'prueba', 1, '2016-08-07 10:48:15'),
(484, 'recepcionista1', 143, 16, 'prueba', 1, '2016-08-07 11:43:40'),
(485, 'analista1', 143, 20, 'prueba', 1, '2016-08-14 09:44:20'),
(486, 'recepcionista1', 143, 16, 'prueba', 1, '2016-08-15 00:55:48'),
(487, 'analista2', 143, 17, 'prueba', 0, '2016-08-17 03:44:18'),
(488, 'gerente1', 143, 18, 'prueba', 1, '2016-08-19 08:51:07'),
(489, 'recepcionista2', 144, 16, 'prueba', 0, '2016-08-02 04:26:05'),
(490, 'analista2', 144, 17, 'prueba', 1, '2016-08-04 00:08:22'),
(491, 'gerente1', 144, 18, 'prueba', 1, '2016-08-04 18:35:28'),
(492, 'gerencia', 145, 9, 'prueba', 1, '2016-08-01 22:38:21'),
(493, 'abogado2', 145, 12, 'prueba', 1, '2016-08-02 22:38:37'),
(494, 'recepcion2', 145, 13, 'prueba', 0, '2016-08-05 04:13:49'),
(495, 'recepcion2', 146, 7, 'prueba', 0, '2016-08-09 06:13:20'),
(496, 'recepcionista2', 147, 16, 'prueba', 1, '2016-08-06 19:28:25'),
(497, 'analista2', 147, 20, 'prueba', 0, '2016-08-14 04:36:02'),
(498, 'recepcionista1', 147, 21, 'prueba', 1, '2016-08-18 13:16:16'),
(499, 'gerencia2', 148, 9, 'prueba', 1, '2016-08-03 13:02:17'),
(500, 'abogado2', 148, 10, 'prueba', 1, '2016-08-07 12:59:49'),
(501, 'abogado', 148, 15, 'prueba', 1, '2016-08-12 17:37:59'),
(502, 'abogado2', 148, 14, 'prueba', 0, '2016-08-15 03:11:28'),
(503, 'recepcion2', 148, 13, 'prueba', 1, '2016-08-18 06:06:14'),
(504, 'gerencia', 149, 9, 'prueba', 1, '2016-08-09 20:03:12'),
(505, 'abogado2', 149, 14, 'prueba', 1, '2016-08-15 08:39:32'),
(506, 'recepcion', 149, 13, 'prueba', 1, '2016-08-17 03:46:03'),
(507, 'gerencia2', 150, 9, 'prueba', 0, '2016-08-05 22:05:10'),
(508, 'abogado2', 150, 12, 'prueba', 0, '2016-08-12 13:24:49'),
(509, 'recepcion', 150, 13, 'prueba', 1, '2016-07-14 11:48:26'),
(510, 'recepcion', 151, 0, 'pasado a gerencia', 0, '2016-07-14 21:19:26'),
(511, 'gerencia', 151, 1, 'se asigno abogado', 0, '2016-07-14 21:20:39'),
(512, 'recepcion', 152, 0, 'asdf', 1, '2016-07-14 21:23:02'),
(513, 'abogado', 151, 2, 'enviado a procesos juridicos', 0, '2016-07-14 21:24:25'),
(514, 'recepcion', 153, 0, 'jeff3', 0, '2016-07-14 21:25:55'),
(515, 'abogado', 151, 3, 'adsf', 0, '2016-09-17 14:36:53'),
(516, 'recepcion', 151, 4, 'asdf', 0, '2016-09-17 14:37:10'),
(517, 'gerencia', 152, 6, 'asdf', 0, '2016-07-14 14:46:14'),
(518, 'recepcion', 152, 4, 'asdfasdf', 1, '2016-07-14 14:46:45'),
(519, 'recepcion', 154, 0, 'asdf', 0, '2016-07-17 15:16:00'),
(520, 'gerencia', 154, 1, 'asdf', 0, '2016-07-17 15:16:57'),
(521, 'recepcion', 155, 0, 'todo bn', 0, '2016-07-19 15:19:44'),
(522, 'gerencia', 155, 1, 'aginado abogado', 0, '2016-07-19 15:22:42'),
(523, 'recepcion', 156, 0, 'asdf', 0, '2016-06-18 21:53:06'),
(524, 'gerencia', 156, 1, 'asdf', 0, '2016-06-18 21:59:18'),
(525, 'recepcion', 159, 0, 'asdf', 0, '2016-11-02 22:54:44');

-- --------------------------------------------------------

--
-- Table structure for table `tipo_usuario`
--

CREATE TABLE `tipo_usuario` (
  `id_tipo` int(11) NOT NULL,
  `descripcion` varchar(30) NOT NULL
) ENGINE=InnoDB DEFAULT CHARSET=latin1;

--
-- Dumping data for table `tipo_usuario`
--

INSERT INTO `tipo_usuario` (`id_tipo`, `descripcion`) VALUES
(0, 'Administrador'),
(1, 'Recepcion'),
(2, 'Gerencia'),
(3, 'Abogado'),
(4, 'Recepcionista'),
(5, 'Analista'),
(6, 'Gerente');

-- --------------------------------------------------------

--
-- Table structure for table `transicion`
--

CREATE TABLE `transicion` (
  `id_transicion` int(11) NOT NULL,
  `nombre` varchar(30) NOT NULL,
  `descripcion` varchar(80) NOT NULL,
  `estado_siguiente` int(11) NOT NULL,
  `estado_asociado` int(11) NOT NULL
) ENGINE=InnoDB DEFAULT CHARSET=latin1;

--
-- Dumping data for table `transicion`
--

INSERT INTO `transicion` (`id_transicion`, `nombre`, `descripcion`, `estado_siguiente`, `estado_asociado`) VALUES
(0, 'Pasar a gerencia', 'documento pasado a gerencia', 1, 0),
(1, 'Asignar abogado', 'Asignar abogado al documento', 2, 1),
(2, 'Procesos juridicos', 'Enviar documento a tribunales', 3, 2),
(3, 'Resultados recibidos', 'Resultados recibidos para el d', 0, 3),
(4, 'Entregado al usuario', 'Documento entregado al usuario', 4, 0),
(5, 'Error en los documentos1', 'Se consiguio un error en los d', 0, 2),
(6, 'Error en los documentos2', 'Se consiguio un error en los d', 0, 1),
(7, 'Error en los documentos3', 'Se consiguio un error en los d', 4, 0),
(8, 'Enviar a tribunales', 'Documento enviado a tribunales', 3, 1),
(9, 'Asignar Abogado', 'Asignar Abogado', 6, 5),
(10, 'Documentos en regla', 'Documentos en regla', 7, 6),
(11, 'Aprobado', 'Aprobado', 6, 7),
(12, 'Entregar al usuario', 'Entregar al usuario', 8, 6),
(13, 'Entregar al usuario', 'Entregar al usuario', 9, 8),
(14, 'Error en los documentos', 'Error en los documentos', 8, 6),
(15, 'No aprobado', 'No aprobado', 6, 7),
(16, 'Recibido', 'Transicion Recibido', 11, 10),
(17, 'Completo', 'transicion (Completo)', 12, 11),
(18, 'Aprobado', 'ransicion (Aprobado)', 13, 12),
(19, 'Rechazado', 'Transicion (Rechazado)', 13, 12),
(20, 'Faltante', 'Transicion (Faltante)', 10, 11),
(21, 'Rechazado', 'Transicion (Rechazado)', 13, 10);

-- --------------------------------------------------------

--
-- Table structure for table `usuario`
--

CREATE TABLE `usuario` (
  `id_usuario` varchar(30) NOT NULL,
  `contrasena` varchar(30) NOT NULL,
  `id_tipo` int(11) NOT NULL
) ENGINE=InnoDB DEFAULT CHARSET=latin1;

--
-- Dumping data for table `usuario`
--

INSERT INTO `usuario` (`id_usuario`, `contrasena`, `id_tipo`) VALUES
('abogado', 'abogado', 3),
('abogado2', 'abogado2', 3),
('admin', 'admin', 0),
('analista1', 'analista1', 5),
('analista2', 'analista2', 5),
('gerencia', 'gerencia', 2),
('gerencia2', 'gerencia2', 2),
('gerente1', 'gerente1', 6),
('gerente2', 'gerente2', 6),
('recepcion', 'recepcion', 1),
('recepcion2', 'recepcion2', 1),
('recepcionista1', 'recepcionista1', 4),
('recepcionista2', 'recepcionista2', 4);

-- --------------------------------------------------------

--
-- Table structure for table `workflow`
--

CREATE TABLE `workflow` (
  `id_workflow` int(11) NOT NULL,
  `nombre` varchar(30) NOT NULL,
  `descripcion` varchar(30) NOT NULL,
  `id_categoria` int(11) NOT NULL
) ENGINE=InnoDB DEFAULT CHARSET=latin1;

--
-- Dumping data for table `workflow`
--

INSERT INTO `workflow` (`id_workflow`, `nombre`, `descripcion`, `id_categoria`) VALUES
(0, 'Demanda', 'Demanda realizada por un clien', 0),
(1, 'Divorcio', 'Workflow de divorcio', 0),
(2, 'Prestamo', 'Solicitud de prestamo', 1);

--
-- Indexes for dumped tables
--

--
-- Indexes for table `categoria`
--
ALTER TABLE `categoria`
  ADD PRIMARY KEY (`id_categoria`);

--
-- Indexes for table `estado`
--
ALTER TABLE `estado`
  ADD PRIMARY KEY (`id_estado`),
  ADD KEY `id_workflow` (`id_workflow`),
  ADD KEY `id_tipo` (`id_tipo`);

--
-- Indexes for table `instancia`
--
ALTER TABLE `instancia`
  ADD PRIMARY KEY (`id_instancia`),
  ADD KEY `id_workflow` (`id_workflow`,`id_usuario`),
  ADD KEY `id_usuario` (`id_usuario`);

--
-- Indexes for table `instancia_usuario`
--
ALTER TABLE `instancia_usuario`
  ADD PRIMARY KEY (`id_instancia_usuario`),
  ADD KEY `id_instancia` (`id_instancia`,`id_estado`,`id_usuario`),
  ADD KEY `id_estado` (`id_estado`);

--
-- Indexes for table `proceso`
--
ALTER TABLE `proceso`
  ADD PRIMARY KEY (`id_proceso`),
  ADD KEY `id_usuario` (`id_usuario`),
  ADD KEY `id_instancia` (`id_instancia`),
  ADD KEY `id_transicion` (`id_transicion`);

--
-- Indexes for table `tipo_usuario`
--
ALTER TABLE `tipo_usuario`
  ADD PRIMARY KEY (`id_tipo`);

--
-- Indexes for table `transicion`
--
ALTER TABLE `transicion`
  ADD PRIMARY KEY (`id_transicion`),
  ADD KEY `estado_siguiente` (`estado_siguiente`),
  ADD KEY `estado_asociado` (`estado_asociado`);

--
-- Indexes for table `usuario`
--
ALTER TABLE `usuario`
  ADD PRIMARY KEY (`id_usuario`),
  ADD KEY `id_tipo` (`id_tipo`);

--
-- Indexes for table `workflow`
--
ALTER TABLE `workflow`
  ADD PRIMARY KEY (`id_workflow`),
  ADD KEY `id_tipo` (`id_categoria`),
  ADD KEY `id_categoria` (`id_categoria`);

--
-- Constraints for dumped tables
--

--
-- Constraints for table `estado`
--
ALTER TABLE `estado`
  ADD CONSTRAINT `estado_ibfk_1` FOREIGN KEY (`id_workflow`) REFERENCES `workflow` (`id_workflow`),
  ADD CONSTRAINT `estado_ibfk_2` FOREIGN KEY (`id_tipo`) REFERENCES `tipo_usuario` (`id_tipo`);

--
-- Constraints for table `instancia`
--
ALTER TABLE `instancia`
  ADD CONSTRAINT `instancia_ibfk_1` FOREIGN KEY (`id_workflow`) REFERENCES `workflow` (`id_workflow`),
  ADD CONSTRAINT `instancia_ibfk_2` FOREIGN KEY (`id_usuario`) REFERENCES `usuario` (`id_usuario`);

--
-- Constraints for table `instancia_usuario`
--
ALTER TABLE `instancia_usuario`
  ADD CONSTRAINT `instancia_usuario_ibfk_1` FOREIGN KEY (`id_instancia`) REFERENCES `instancia` (`id_instancia`),
  ADD CONSTRAINT `instancia_usuario_ibfk_4` FOREIGN KEY (`id_estado`) REFERENCES `estado` (`id_estado`);

--
-- Constraints for table `proceso`
--
ALTER TABLE `proceso`
  ADD CONSTRAINT `proceso_ibfk_1` FOREIGN KEY (`id_usuario`) REFERENCES `usuario` (`id_usuario`),
  ADD CONSTRAINT `proceso_ibfk_2` FOREIGN KEY (`id_instancia`) REFERENCES `instancia` (`id_instancia`),
  ADD CONSTRAINT `proceso_ibfk_3` FOREIGN KEY (`id_transicion`) REFERENCES `transicion` (`id_transicion`);

--
-- Constraints for table `transicion`
--
ALTER TABLE `transicion`
  ADD CONSTRAINT `transicion_ibfk_1` FOREIGN KEY (`estado_siguiente`) REFERENCES `estado` (`id_estado`),
  ADD CONSTRAINT `transicion_ibfk_2` FOREIGN KEY (`estado_asociado`) REFERENCES `estado` (`id_estado`);

--
-- Constraints for table `usuario`
--
ALTER TABLE `usuario`
  ADD CONSTRAINT `usuario_ibfk_1` FOREIGN KEY (`id_tipo`) REFERENCES `tipo_usuario` (`id_tipo`);

--
-- Constraints for table `workflow`
--
ALTER TABLE `workflow`
  ADD CONSTRAINT `workflow_ibfk_2` FOREIGN KEY (`id_categoria`) REFERENCES `categoria` (`id_categoria`);

/*!40101 SET CHARACTER_SET_CLIENT=@OLD_CHARACTER_SET_CLIENT */;
/*!40101 SET CHARACTER_SET_RESULTS=@OLD_CHARACTER_SET_RESULTS */;
/*!40101 SET COLLATION_CONNECTION=@OLD_COLLATION_CONNECTION */;
